A,U,G,G,A,G,G
UGGCGGA
UGUAUGC
G,A,A,C,C,C,C
CGUGCAU
A,G,C,C,A,G,U
C,G,G,G,C,G,C
G,A,G,U,C,U,G
G,G,U,G,U,G,U
U,U,U,U,U,G,C
C,U,G,G,C,A,G
G,A,A,G,U,U,C
AGGAAGG
UCAGUAG
U,U,G,G,A,G,U
GCAGGUG
CGUUUGA
AAAGUAC
CCCUCCU
ACCCAGU
C,G,G,C,U,G,U
CUAUUCU
G,G,C,U,C,U,U
GUGGGGU
A,C,C,C,A,C,A
CCGUACA
AGCUUUU
A,G,U,G,G,G,A
U,C,G,G,U,G,U
CAUUUUU
CUCACUG
U,U,G,C,U,G,U
G,C,U,G,A,G,A
GCUACAG
U,G,C,A,G,G,C
AAAUGAG
U,G,U,U,A,G,A
U,C,C,U,U,A,U
C,G,G,C,G,G,A
U,A,U,G,U,G,U
GGGAGAG
A,G,A,G,G,G,U
U,G,G,C,U,U,U
A,A,G,A,G,G,A
UCACAGU
U,C,U,U,G,C,A
G,G,C,A,C,U,G
UGAUAAG
UGCACUU
CGAGGAG
UCAAAUA
AAUUGCU
GCUACAU
GGGGGAG
UAGCACA
G,A,U,G,G,U,G
UGGGUAC
U,A,U,A,U,G,C
A,G,A,A,U,G,G
UUCUGAU
GAAACUG
C,U,C,U,U,G,G
G,U,G,U,U,U,G
ACAUUCA
A,G,A,C,A,G,A
GGGCUAA
AGUGCCC
GGGUGGG
ACGUCAU
GCCCCAC
A,G,G,U,U,U,A
AGGGGGA
A,G,A,G,U,G,U
A,G,G,G,G,G,C
UCGGGAA
U,U,G,G,A,G,A
GGCGGGG
UGGACUU
CUAUUCC
UCAGUGA
CUGGUUU
GGCUGCG
CCUGAGA
G,A,A,G,G,A,U
AAGGUAA
UUGUCCU
AGCAGGA
G,U,G,G,C,C,C
UGGAUGG
AAGUUGU
U,C,U,G,G,A,C
U,G,C,C,U,C,U
G,C,C,A,C,A,G
GUGGUUG
CCUAUCA
G,U,G,U,U,C,G
ACUCUGU
G,G,G,U,U,U,U
GAGCUGA
ACAUGGA
G,G,G,G,G,C,C
UUCCUGC
G,G,C,G,A,G,G
G,G,A,G,A,C,U
A,C,U,U,U,C,U
CUGAUGA
U,U,G,C,U,C,U
C,U,A,A,A,U,A
C,C,G,C,U,C,A
G,C,U,G,A,A,G
GACCCAC
G,A,G,G,G,U,U
A,A,C,A,G,C,U
A,G,A,G,U,G,U
U,G,A,G,U,G,C
GAGUUGA
C,A,C,A,C,U,G
GGGCCCC
ACUGUGG
CCUCCUC
G,A,C,A,U,U,U
C,U,G,U,U,G,G
G,G,C,A,G,G,C
C,C,C,C,G,C,C
UGGGAUC
G,G,A,G,G,C,C
UGGAGAU
UCAUGAU
ACUAGCU
U,A,U,A,G,U,U
U,A,G,A,U,G,A
G,A,C,A,G,C,C
CCUGCCU
U,G,U,G,U,C,U
AAAAAUC
CCCUGAG
A,G,C,U,G,G,C
C,U,U,G,U,A,G
AAGUCUU
G,C,A,A,A,C,A
AAGUGUG
AGUUCUG
AGCAUUC
CGACUCU
CAGUUCC
G,G,A,G,G,G,G
U,C,A,U,U,A,U
A,G,C,G,G,U,C
AAUAUAU
G,G,A,G,G,C,A
AGUGCUU
U,G,C,C,U,U,C
U,C,A,G,C,U,G
AAAAACU
UGGGCCC
U,U,U,A,A,G,C
GCUCUGC
UCUCUGG
AUCGUAC
C,U,C,G,A,A,A
G,A,G,C,A,G,C
GGUGCGG
AAAGUAA
U,G,G,G,U,G,U
GGGUGGU
AUCAGCA
CGGCCUG
G,G,C,C,C,G,U
U,G,G,U,A,G,G
G,U,G,G,U,G,A
G,U,A,C,C,U,G
AAAAACC
A,U,A,A,G,U,G
AGGGCGG
CUCCCAA
U,A,G,C,A,U,A
GGGCGCG
CACUCCU
UGGGACA
A,C,G,A,U,G,U
UAUUGUC
A,C,U,G,A,A,C
G,G,A,A,G,G,G
C,A,G,G,U,A,G
C,C,C,C,U,A,C
C,C,U,G,G,G,A
GCUUUCU
CUUACAG
C,A,G,U,G,U,U
AGUGCAA
A,A,C,U,G,G,U
U,G,G,G,G,A,A
G,C,C,U,A,C,A
A,A,G,U,U,C,C
AUCCCAA
A,U,G,G,A,G,A
AUUCAAC
A,C,C,C,C,A,U
GCAAAAG
A,C,A,A,G,G,U
GUCUUCU
G,G,U,G,A,G,C
A,G,U,G,G,U,U
AUCAGUG
UUGGACU
UCUGGGA
UUGAGGC
G,G,U,G,G,G,U
AGUGCAA
GAGCUUA
CUGGGGG
U,C,A,U,U,U,A
U,G,U,U,U,U,U
UAACUCC
U,U,U,U,G,U,C
AUCCACG
AACGCCU
C,U,G,U,A,C,C
GGCCUCU
G,G,U,C,A,U,U
U,A,G,G,A,G,C
GACCUGG
U,G,G,U,A,G,G
GGCGACA
U,G,A,C,U,U,C
U,U,U,U,G,C,A
C,U,U,C,U,G,C
UCCUGAG
GGUUGCC
U,C,U,U,U,C,U
GAAAGGG
U,U,U,U,U,G,C
G,A,A,G,A,G,U
C,A,C,C,G,C,G
C,A,G,A,U,U,C
GUGGGGC
U,C,C,C,A,A,C
AAGUGCU
GGCCUGU
GGGAGCG
GUCAGUU
C,A,A,A,C,C,C
U,G,G,C,A,G,U
UUCCUAG
A,G,U,U,A,C,U
AAAAACC
U,U,G,U,A,C,C
G,U,C,A,G,G,C
C,A,G,A,G,U,U
C,C,G,U,C,U,U
G,C,G,G,U,G,G
GAGGGGU
C,U,U,U,U,G,C
G,U,C,U,G,C,A
CAGUCCA
U,G,G,A,A,G,A
AGGGCCU
GGGGCAG
CUCCCUU
U,U,U,U,G,C,C
GCAGCUC
UACAGGC
C,A,G,A,G,U,U
CAGGCUC
U,U,U,U,U,G,C
GUGACUU
G,A,U,U,G,U,A
C,C,C,G,G,G,G
G,G,G,A,C,A,G
G,A,G,C,C,C,U
GGAUUUU
A,A,G,A,G,C,A
ACUGUUU
U,U,U,C,U,A,A
U,G,C,C,U,G,U
CUGGGCA
G,C,U,C,U,C,C
C,C,C,U,U,U,C
CUGCGAG
G,C,U,G,G,U,U
G,G,G,C,C,A,A
C,G,G,G,G,U,U
CUGGCCU
G,U,U,G,A,C,C
GGGACCU
AAAACCC
AGCGACC
GGCGGAG
GCAAAAG
AAGAACC
A,U,U,C,A,C,U
UGAAGUG
GGGGAAG
AUGGAGG
U,G,C,U,G,C,U
U,C,U,U,U,C,U
UUGGGGA
C,C,U,G,U,U,C
AGGCCUU
A,G,A,C,A,G,U
CUUCUGU
AUGGAAA
AAGAUAG
U,G,G,U,U,G,G
UAGAUUC
G,G,C,A,G,G,U
UCUCAAG
U,A,U,A,G,U,U
AGUGCAA
C,U,G,U,A,G,C
CACACUU
GGUGGGC
G,G,A,G,U,G,G
AGCAGGC
U,G,G,G,C,U,U
GCGCCUG
A,A,C,U,A,C,U
U,U,C,U,G,U,U
U,U,U,U,G,C,A
G,C,U,U,U,C,C
G,G,G,A,G,C,U
G,A,A,A,G,G,C
G,A,C,U,G,G,A
U,G,G,A,U,G,G
U,G,C,C,C,U,G
AUGUGGG
A,G,G,U,G,G,G
G,G,G,G,U,G,C
G,A,G,A,G,C,G
C,A,G,G,U,G,A
ACUGGCC
CGGGGGU
UCUAGAG
G,G,A,C,A,G,G
UCUAGAG
C,A,G,G,G,G,A
A,C,C,U,C,U,U
A,G,G,C,U,C,A
CUCCGUG
ACAUCAC
CAAAUGC
AAAAGCA
A,G,C,U,U,U,U
UAUGUAU
U,G,A,G,U,C,U
CCCCUGG
AUUGCAC
AAGGCGC
GCAGGAG
C,G,G,A,G,G,G
UUCCCCC
G,C,U,U,G,C,A
AAUCUCA
G,G,G,G,G,A,G
UGAGACU
U,U,C,U,C,A,G
UUCAGAU
C,C,U,C,U,C,C
U,G,G,G,G,A,G
GUGUCCG
C,U,C,C,A,G,U
AAAGUAA
GGAAGAG
CUGCCAU
U,U,C,G,C,C,U
U,C,U,C,C,A,A
C,U,U,G,C,U,C
CAGCUAC
U,G,U,G,C,U,G
A,C,U,G,A,A,G
C,U,G,A,G,G,C
AGGGCAG
GGAGCUA
C,A,C,G,G,C,C
AACUAAU
A,G,A,G,U,G,U
A,U,G,G,U,C,G
AUGCACC
U,U,C,C,U,A,G
U,C,C,C,A,U,G
UGUGCUU
GGGAAGG
A,U,A,U,U,G,G
GUGAUAU
ACGGCAA
UAUUGCU
G,A,G,U,G,U,U
UGGAGAA
A,G,G,A,G,U,C
G,U,U,C,C,A,C
U,C,A,G,U,G,A
GUGACUG
C,U,G,C,C,A,U
U,U,A,U,A,G,C
G,A,C,A,G,G,C
GCACGGC
GACCAUG
U,U,U,U,G,C,U
U,C,A,G,U,G,G
U,A,U,U,G,A,G
AGGGUUG
CGCGCCC
AAAGUAC
AAAGCGC
U,C,U,C,U,G,A
AUCACUA
GGAUUCU
AGCACCA
AAGAUGG
AUAGAGA
GAGGUAG
C,U,U,U,U,G,C
CGUAUCA
U,U,U,U,G,C,C
A,G,A,U,C,C,U
G,G,A,G,A,C,A
U,G,G,C,G,U,A
CUGGCAU
UUGGGAA
C,U,U,U,C,U,G
C,C,C,A,A,U,U
GGGGGGC
CGGGGCU
U,U,G,U,A,U,G
G,G,A,C,C,A,U
C,U,C,A,G,A,U
U,G,C,C,A,C,U
GAUAUGU
GUCUGCC
UACUGUG
UGAGGAC
AGAGAAU
CUAGUAA
G,G,G,G,C,U,U
C,U,C,C,C,C,A
UCAGCCA
U,U,G,G,A,G,C
GGACCUG
CAAAGCA
U,A,C,U,U,A,A
G,U,U,U,U,U,G
G,G,G,G,U,A,C
A,U,U,A,C,A,U
A,U,U,G,G,C,C
UGGGGAG
AUUGCAC
AAAGAAC
AGGAGCU
AAGGUAA
CUCUUCC
U,G,U,G,G,C,U
CAGUGCA
A,A,U,G,C,A,G
CUGUUGA
CGGAUGU
G,C,U,U,U,C,C
G,A,A,G,A,G,G
CUCGGAC
UCCCACU
GAUGAUA
G,A,G,C,A,G,G
GAGGAGA
G,A,G,G,U,G,G
GAUAUGU
A,G,A,C,A,U,C
GGAAACA
C,U,G,A,U,U,U
AAAGGUA
C,U,G,U,A,C,A
C,U,U,U,U,G,U
U,G,A,G,G,U,C
C,U,G,C,U,G,C
UCUGAGC
GCUAUGC
CGGCGAG
U,C,C,C,A,C,U
CCCCUUC
CAAACCA
GGCGGGG
A,A,U,G,G,A,G
GACUCUG
AGAACAG
GGAGCCA
GAAGGUC
G,U,C,U,U,A,G
GCCAGGC
C,U,C,U,G,G,U
GCUGGAU
CAGUGGC
C,C,G,U,G,C,A
GUUUUGC
G,G,A,C,C,G,U
G,C,U,G,C,C,A
C,C,C,G,G,C,G
G,G,C,C,U,C,C
U,A,C,U,U,A,G
G,C,C,U,C,A,G
A,U,U,U,U,C,G
CUGUUCU
GGAGAUC
UGGUUCC
G,U,C,A,U,A,U
G,A,U,U,C,C,A
G,U,G,A,C,U,U
CUCUGCU
UAGGUAU
CGCCUCC
U,U,C,A,C,G,A
C,A,U,C,U,G,U
G,G,A,C,U,G,A
U,G,G,C,C,C,A
UGGCUGC
C,C,C,A,C,A,G
A,C,U,U,A,G,U
C,C,U,G,C,A,G
ACAUUCA
CCUUGGC
C,C,G,C,U,A,G
AGCCCCC
UCCACUU
GCGGGUG
C,U,G,C,A,G,U
G,C,C,G,C,C,U
U,A,C,U,U,U,C
CUGAAUU
G,G,G,G,A,A,U
GUUGCCA
C,G,C,A,G,C,A
UCAAGUA
UCACUGA
G,A,A,U,G,C,A
AGGACUA
CAGCAUU
A,C,C,A,C,U,U
CCCUCCG
AUCAGAA
C,A,A,U,C,U,C
UGCCAUG
GAAGUAA
CCCGGUG
A,U,G,A,U,G,A
U,C,U,C,C,C,A
U,C,U,G,C,G,G
UGUUCUC
UCCUCCC
G,A,U,U,G,A,U
UGUGUCA
UCCUGAC
CCAUGUU
AAAGACU
GGUGCGG
U,C,A,G,C,A,G
UGGCCAC
C,G,G,U,C,U,U
A,C,A,G,U,G,A
GCAAAAG
AUGUUGG
GGGGUGU
CAGUGGG
CCUGGAG
U,G,A,G,C,G,U
A,A,U,C,A,U,G
GCCGCGG
GAGGCGG
UCUUGAG
UGCCAGG
U,G,U,C,U,U,G
AUCUUAC
C,G,U,U,G,G,U
G,G,G,G,G,U,G
CAGGGAG
C,G,C,C,U,G,C
U,C,A,U,C,C,A
G,G,A,G,A,C,A
CUGGGAU
C,U,U,G,G,U,U
G,C,C,U,C,U,G
U,G,G,A,A,A,A
U,A,C,C,C,A,G
GAUGGAU
A,U,A,G,U,C,C
CUGAUCC
AGGGAGG
ACGCACU
U,U,C,U,U,G,A
G,C,U,C,C,C,A
UCAUACA
CCAUCGA
AAUCGGA
UUAGAUU
UGGGCUG
GAGCUCA
GUGGGAG
G,C,U,C,C,G,U
AUAGGGA
A,C,A,G,U,C,U
CACCCAG
GACAACU
GGCCCGG
CUACUUC
CGGUCCC
GCCUACU
C,A,C,U,U,G,C
UGAUCCA
GUGUAUU
G,C,A,A,G,C,A
GGAAGGA
CCCGGGG
C,C,A,U,U,C,A
AAGUCUC
A,A,A,G,A,G,C
A,U,G,U,A,G,A
AAGUGCU
U,G,C,C,U,C,U
CCUGCCA
C,C,C,U,C,A,G
A,C,G,U,A,G,G
CAGGAGG
C,U,U,U,C,U,C
U,C,C,C,U,A,G
AUGUGGA
ACCCAGA
GGCACGG
G,A,G,G,A,G,G
GGGAGGG
GUCUCUG
UAUUAUU
A,G,G,G,A,G,G
A,G,G,U,A,U,G
AGUGCAA
U,G,A,C,U,G,U
GAGGCCG
C,A,G,A,G,C,C
C,U,G,C,U,A,U
U,U,A,C,U,C,C
C,C,C,C,A,G,A
GAUUGUC
AUCCGUC
U,C,C,C,U,G,C
U,U,G,U,G,G,A
U,G,G,U,A,C,C
U,A,C,G,U,A,U
C,U,U,U,C,U,G
A,G,C,C,G,U,G
G,G,U,U,A,G,U
C,U,G,C,C,C,C
GGUGGGC
AGAGUGA
U,G,G,C,G,G,A
A,C,A,G,G,A,U
C,C,C,G,C,A,A
GAACUCU
U,C,A,U,G,U,U
A,G,A,G,G,C,A
AAUUCAU
AAGUGCU
ACCACUU
CACUUGG
A,A,U,C,C,C,U
AAGUGCU
CUGAUUA
GGCAACA
CAAUCAC
G,G,A,A,A,U,G
G,G,A,G,U,G,G
GAGCCUC
CCGGUUC
G,C,A,G,A,C,G
A,C,C,U,U,A,A
UGCAAUG
AGGUUUG
U,G,G,A,U,U,A
G,U,U,G,U,U,A
G,A,G,U,G,A,G
G,G,A,C,U,G,G
C,A,U,G,A,G,C
CUGACAG
GAGUGAU
U,G,C,U,C,A,G
UAAGACG
U,C,C,C,C,A,G
GGGUUCC
AGCCUGA
UGUGCGU
GUGGAUG
U,C,A,C,C,A,A
UCAUCUG
ACCCUGU
U,G,U,G,G,G,A
AACCUCG
G,G,C,C,A,G,G
AAAGUAA
C,U,C,U,U,U,A
AAAUGAA
C,A,G,G,U,A,G
UGUUCUU
GAGGUUG
ACCUGGA
U,U,C,C,G,U,U
GUCUAUA
A,U,G,C,A,C,C
GGGGCGG
A,A,A,C,U,G,A
GUGAUAU
G,C,A,C,G,A,U
ACUGCAU
AGCCCGG
G,C,C,U,C,G,C
U,U,G,C,U,G,U
AAAACUG
C,A,C,C,C,C,G
U,G,G,G,U,G,A
AGCCGCC
G,G,C,C,U,G,U
GAUCGAC
CCAGGAG
C,C,A,G,C,U,G
A,G,U,G,U,G,U
G,G,G,C,A,U,C
CGGGCGC
CGGCCGC
U,U,U,U,U,G,A
AACACCA
A,G,A,G,U,G,U
UCUAGAG
U,C,G,A,G,U,C
CAGAUUC
CUGGUGC
U,A,U,G,C,U,A
AACGGAA
U,G,C,U,G,G,A
UUUUACC
CGGGGAU
GAGAACC
CAUCCCC
AAAGACU
AAGGUAA
G,C,U,C,A,C,A
G,A,C,U,G,A,G
A,A,A,G,U,A,U
G,U,A,C,U,U,U
G,G,A,A,U,U,G
CUGUAUU
GACUGAC
U,G,G,G,G,G,G
G,A,G,U,U,C,G
GUGGGUG
UAGCGGU
CAUAGCC
UGCCAUG
U,G,G,C,A,U,G
UGUCUUU
C,U,C,C,C,A,G
G,U,U,U,U,U,C
UUCUCUC
AGCUGCC
C,U,C,A,G,G,C
A,C,U,C,A,G,U
C,C,C,A,G,A,U
U,G,G,C,C,U,A
CUCACAC
AUUGCAC
AGGGCAG
UCCUAGG
G,C,U,C,A,G,G
C,C,U,A,C,A,U
C,U,A,A,U,U,U
UAAUACA
UUCUUCU
CAGCCCA
C,U,G,C,A,G,G
G,G,A,U,U,C,A
AGUGCCU
G,C,C,A,A,G,G
UAGCACC
G,U,C,U,C,A,G
UCAUUUG
A,U,G,G,G,G,G
CAUUAUA
G,G,C,C,A,G,C
G,A,G,A,A,G,U
C,U,U,U,U,G,C
C,U,G,U,U,U,C
UUGUUCU
A,C,U,G,A,A,A
ACCUUGC
GGGCUGU
ACUAGAU
UUAGCAG
UGCUAAG
UGGGUGA
G,A,G,A,A,G,G
CUGCAGC
CAAUAUU
C,A,G,G,G,A,C
A,G,U,G,G,A,A
GUAGAGC
A,C,A,U,G,C,U
CUCCCAU
U,G,A,A,G,C,U
UGGGGGU
CAGGCUC
UAUACAG
G,A,C,U,U,U,U
G,G,C,G,A,G,C
GCGGGCG
GCCUACU
GGGGGUG
AAGUUGC
AAGUGCU
AAGGGGU
C,U,C,U,C,A,A
U,U,G,A,U,G,U
UGUGGAU
A,U,G,U,C,C,C
ACCAUUA
AUAUUAU
G,C,A,C,U,U,U
U,U,G,G,U,C,U
U,G,U,A,U,U,U
A,C,C,C,A,A,A
GAAACAU
U,G,A,U,G,G,A
UGGGAUU
UGGGUGC
UGCGCAA
GCGCGCC
GGGGUUU
AGGGAAC
G,C,C,U,G,C,A
AGGAAAC
U,G,G,C,U,C,A
U,C,U,C,A,G,C
U,C,U,G,A,U,G
UACCUCA
U,G,U,U,C,U,G
CUGGUGA
A,C,C,G,C,U,U
G,U,C,A,G,G,A
C,U,U,U,C,U,C
U,C,A,C,G,G,G
AAUCUCU
U,G,U,A,G,C,U
A,C,A,G,C,U,G
U,U,C,A,G,G,A
G,A,C,A,A,A,G
C,U,A,C,U,G,G
UAGACCU
U,G,G,G,U,A,A
U,G,U,U,G,C,U
GGACUAG
G,C,U,A,G,A,G
GUGUGGA
GCAGACA
CCGGACA
UGUGCGG
UUUUUGC
U,C,A,C,C,U,C
G,G,U,U,G,U,G
U,U,C,C,U,U,C
G,A,U,U,C,U,U
CUGUUGC
AGUUCUG
CGUGGCC
G,G,A,C,G,G,A
U,G,C,U,G,U,G
GCGCGGC
C,A,U,U,G,G,A
G,U,U,U,U,U,G
AAAACGA
G,A,U,G,A,C,G
G,G,C,C,U,G,U
UCCCACC
AGGAGGG
G,C,C,C,U,U,G
A,G,A,C,U,U,U
UAAUAGU
CUGAAUC
A,G,U,G,U,A,G
CAGAGAA
C,U,C,U,G,C,U
U,G,A,U,G,C,U
C,U,G,A,A,A,U
ACUCAGG
UGCUUCA
CAGGACA
C,U,U,U,C,U,G
A,U,C,C,U,G,U
C,A,C,G,A,G,A
C,U,G,G,G,C,C
UCACAGG
CUGACCC
GGGUUUA
G,A,C,A,G,A,C
UUGGGAU
GUGACAA
G,G,C,A,G,C,U
GUUAGGA
CUCAAAA
G,A,U,G,G,U,U
GAGACCA
UGGGAGA
GGGAGGG
UUUCAGU
A,G,A,U,U,G,A
CUCUGAC
AGCCAGU
U,U,U,U,G,C,A
A,U,U,A,C,C,C
CUUGGGC
A,G,G,G,U,C,G
C,U,G,C,C,A,G
U,U,C,C,U,A,U
AGUGUAG
AGCCCUU
UGUGGGC
C,U,G,G,C,U,C
GGGGGAU
A,U,G,C,C,G,A
A,A,G,U,G,G,A
GAAGGAA
C,C,C,A,C,A,G
ACCACAG
AUAUCAG
U,G,U,G,G,U,U
CCAAGUC
CAAAUCU
CUGUCUG
CACCUCC
GUGGUAG
C,A,C,U,C,C,C
G,A,C,C,A,C,U
UGUCUGC
CAAGGUG
AGCAGCA
A,U,A,U,A,U,A
A,G,G,C,A,G,U
C,A,C,C,G,C,G
U,U,U,G,U,C,C
G,A,G,G,A,A,U
G,U,G,G,C,U,U
C,U,U,U,G,G,U
AGGCACG
C,U,U,U,C,U,G
G,A,U,A,C,U,G
GAGUUGG
U,G,G,A,C,A,A
CAGGCGG
UGCUUGA
UCUGCUG
C,C,C,C,G,G,A
G,U,C,C,C,C,A
G,C,C,U,A,A,U
CUUUAAC
GCUGGAG
CUUUCCU
CGUUGGC
UCAAGUA
GGCAGUG
UGUACAA
GGGUAAG
GAGGUUG
A,A,G,U,G,G,A
A,G,U,U,G,G,U
U,A,G,G,C,A,G
U,G,U,C,U,C,A
UAGCAGC
AUCUCAC
A,A,A,U,U,C,U
A,C,C,U,G,G,U
CCGUGCA
GGGGAUU
A,G,C,U,G,G,G
U,U,A,G,U,A,G
C,A,G,G,U,A,G
A,G,G,U,U,G,G
U,C,U,G,C,G,U
AAGUGCU
CGACCGG
GUAGUGA
CGGCCUG
UCAAGUA
AGUGGUC
G,G,G,A,G,C,G
C,A,U,U,A,G,G
G,C,A,G,G,A,C
U,U,U,U,G,C,A
G,C,C,U,U,G,C
GCGGAGG
UCCAGUU
C,A,U,G,C,U,U
A,G,A,G,U,G,U
UCCUGGG
G,G,U,G,A,U,U
AACACUG
C,C,C,A,C,A,G
CUCUGAG
C,C,C,U,G,C,C
UGAGGAG
C,U,U,U,G,G,U
GCCCCAU
G,G,G,C,U,C,C
GGAGUUA
U,U,U,G,C,A,U
A,A,A,A,U,G,U
GGAUAUG
A,U,G,G,U,A,G
G,G,U,U,G,G,G
GCUCAGG
CCCACGU
GCAAGAC
A,C,G,U,C,C,A
C,U,C,C,C,A,G
CUGGACU
UUCUUCU
GUGGAUA
C,U,G,C,U,G,A
G,C,C,A,C,C,A
G,U,U,U,C,C,A
AAAGUCC
A,U,G,U,G,A,U
UCUCCAA
AGGCUGA
C,C,C,G,G,G,G
ACAUUCA
GCAGAAG
U,U,U,U,C,C,C
A,A,A,U,G,G,A
U,U,G,G,G,A,A
A,U,A,U,G,A,G
CUACAGU
G,G,A,A,G,C,U
C,A,G,G,A,C,G
C,U,U,G,G,C,C
G,U,G,U,A,U,A
CCUGCCA
G,C,C,U,C,A,G
GAGUUAA
AGGUUUG
GGUAGAC
A,C,U,A,A,C,U
U,U,G,G,U,U,U
C,C,C,C,U,C,A
AAAUGGA
U,G,G,U,G,U,U
AAUGCAU
U,C,A,G,A,C,C
GGGUGGA
A,C,A,G,A,A,G
CUCCCUU
G,G,U,G,G,A,A
U,A,A,G,U,G,U
GGGGGCG
C,A,G,G,U,G,U
AGGGCUG
G,A,A,A,G,U,U
AACAGUC
C,G,C,G,U,A,G
UCUAGAG
GUGGCAA
UCGCUUU
AUCAUUC
A,G,C,C,A,A,U
CAAGGCC
A,G,A,G,G,G,G
G,G,G,G,A,G,C
C,U,G,G,C,A,C
AUAAUAU
U,C,U,G,A,G,U
A,U,U,G,A,A,U
A,A,C,C,U,U,A
CUGCACC
GUGGGGG
UCCCUUU
CUGUGAG
U,G,C,U,A,C,U
CCUUCCU
G,U,U,U,U,U,G
A,G,A,G,G,U,G
G,A,C,A,G,U,G
AAGGUAA
GAGGUAU
GGAAGCC
G,G,G,A,U,C,C
CAGGAGA
G,A,G,U,G,U,G
G,C,C,A,G,U,C
U,G,A,A,U,C,A
C,A,C,U,U,U,C
C,C,U,G,C,U,G
CUGGGAA
U,G,G,C,U,G,C
GUAUUCU
C,U,U,U,C,U,G
C,G,G,C,U,U,C
GGCCCAA
AAGUGCU
U,G,C,C,A,G,G
UGUUCUC
C,G,A,G,G,C,A
UGCAAAA
C,A,A,A,G,A,U
G,G,A,C,C,G,G
UCUCUAC
C,C,U,U,G,G,C
GGGGUCC
GCUAGCA
AGGUAGA
GGUUCUG
GAGGUAG
UAUACAA
GGGCCAG
C,C,U,C,U,A,G
GAGGUAG
GGCAAGA
CAGUAAA
G,G,G,G,U,C,U
UGCUCUG
G,G,A,G,A,G,A
GCCCUGU
U,A,U,U,C,C,U
CAGCAGG
C,C,U,G,G,G,A
G,C,G,U,A,C,G
C,A,G,A,G,G,A
U,G,U,G,C,U,U
U,U,U,C,A,C,A
G,C,C,U,G,A,G
AGAAGAG
A,C,U,U,U,U,A
GUCAUUG
UGAAUAG
G,A,C,C,U,G,C
A,A,C,U,A,G,A
CAGUGCA
A,U,A,U,G,C,A
C,A,A,G,U,G,A
UCCAUGC
G,G,A,U,U,C,U
AAGGCAG
A,A,U,G,U,C,C
UGUAGGG
A,A,A,G,G,U,U
U,G,G,G,A,G,G
UCAAGUA
AGAGCAG
GGCAGGG
GGAGUCC
AGUGCAA
GUGACUG
CACCUGA
AAAAGUA
U,U,A,G,C,U,G
GUGGGCU
CAGCACC
GGUUGUC
GGGGACC
UAUACAA
G,G,G,A,A,U,A
AAAGUGA
U,U,U,U,G,C,C
C,A,G,A,U,A,G
UCGUGGG
G,G,G,A,G,G,C
A,G,G,U,U,C,U
AUUAUUA
AGGCAGA
G,A,U,C,A,G,U
G,C,U,A,A,A,U
A,A,G,G,A,C,A
CUGCAAC
AAAACCA
G,C,C,U,C,C,C
U,A,U,C,A,U,U
U,C,A,U,U,G,U
ACCCAUU
AUAAAAU
UCCUACA
C,C,U,U,G,C,U
GAGGUUA
UUGCCUA
G,U,C,U,G,A,C
CAAAGUA
CUACAAA
GAGGAUA
AUACAAG
CAGCUGG
C,C,U,U,U,A,G
G,G,A,G,C,C,A
C,U,U,U,C,C,C
UGCCAAU
C,U,G,U,G,G,U
U,G,C,A,G,U,G
U,U,C,U,C,U,A
G,A,G,U,A,G,A
A,C,U,U,C,A,C
A,C,U,G,A,G,U
CAGGGAC
A,U,U,A,U,U,C
A,G,C,U,G,A,G
U,G,U,G,C,A,A
AAAGUAA
GUGAUAU
GAGUGCC
UCAAACC
G,A,G,A,C,G,U
A,G,C,G,G,U,U
U,C,U,C,U,U,U
C,A,A,U,C,A,U
G,G,A,G,A,G,A
GGCCCUG
G,G,U,C,U,G,A
AGCCUGC
ACUCAGC
U,C,G,G,G,G,C
A,G,A,A,G,G,U
CUGGCAU
CUCUGAC
C,U,U,G,U,G,A
C,A,U,U,G,C,A
GUGCCUG
AGGGCAU
C,U,G,A,G,U,U
GGGAUGA
U,U,A,G,A,G,C
C,U,A,A,U,A,U
AAGACAU
UCUGGAG
ACUGCAG
A,C,G,G,U,G,G
GAGCCCC
CAGUCCU
CUCACCA
ACGUAGA
U,A,G,G,U,G,G
UGGACAG
CUGGAUU
U,A,G,A,A,C,U
GGCCCUG
GGCCAUC
ACUGGAU
GCAUCAG
CUGGUGG
AAGGUGC
UGAGUGU
U,C,C,U,C,A,G
A,G,G,U,A,G,U
U,G,C,C,U,C,A
G,C,C,U,U,G,G
GCCUUCC
C,U,C,A,C,C,G
G,U,U,G,U,U,U
C,G,C,G,U,G,A
AGGUUAU
CUGGGCA
UGGUUAU
AAGUGCA
GGGAGGG
U,G,G,A,G,A,U
AGCUUGG
C,C,A,A,G,G,A
AAAUAGA
U,G,U,A,G,U,C
GCUCCUC
GAGGUAG
C,U,G,A,A,G,G
A,C,C,C,A,C,C
G,A,G,A,G,G,G
A,A,U,C,A,G,U
GGGGAGA
CCCAAAG
ACGGUGA
G,C,C,U,G,C,A
A,A,G,G,G,C,C
U,C,C,C,A,G,U
G,A,C,C,C,C,A
GCUCUAG
G,G,A,C,U,G,U
C,C,U,C,C,A,G
A,U,C,C,C,C,A
G,C,C,C,C,C,C
U,U,C,A,A,G,C
G,G,G,U,A,G,A
GCUGUAC
CUGGACU
G,C,U,C,A,C,G
A,C,U,U,G,C,U
GGGGCGG
G,C,G,C,U,G,U
GGUCCCG
G,U,U,C,U,G,C
G,A,C,C,U,C,U
G,C,U,G,G,G,A
GGACGGA
U,C,U,U,C,A,G
G,U,G,U,U,C,A
A,A,G,A,U,G,G
UGCAUUG
A,G,U,A,G,A,A
GCGACAU
GGUCUGC
GGGGUGC
CAAAGUG
G,C,C,A,U,A,A
UACGGAC
G,A,C,G,G,C,G
GGCUCAG
G,A,U,G,G,G,G
UGGAAUA
ACAUAGA
CCACUGA
C,C,A,G,U,G,A
U,G,A,G,A,C,C
AGGCCCG
G,G,C,G,G,G,G
A,G,C,U,U,G,U
GGGCAUA
GGCUCAC
GCCCUCC
AAGGCGC
G,G,A,U,U,A,U
AAAGCUG
CCCUACC
GUUGCAA
UGCCCUA
C,C,G,A,G,G,G
GAGGCUU
ACGGGAA
UUUGCGA
C,A,U,U,C,A,U
G,C,U,G,C,U,U
G,G,A,U,U,C,G
C,C,C,A,G,A,C
AAUGGGU
A,A,G,C,C,A,C
AAAACGU
C,A,U,G,A,G,U
G,C,A,A,U,C,A
U,A,G,G,U,U,C
GCCCCUG
UCCAGAG
A,C,C,C,A,G,C
AUGUAAU
UAAUACA
C,U,U,C,C,G,U
UUGAAAC
C,A,U,U,U,G,C
AAAGUGC
AAGUGCU
GCCCCUC
A,A,U,G,U,G,A
CCUCUCU
GGCAAAC
U,A,C,A,G,G,U
CAGUUCU
CGAGGAG
U,G,A,U,G,G,A
G,U,U,U,G,C,A
G,G,A,U,U,G,U
AUGUGCC
CAGGAGU
CUGCCCU
G,A,G,A,G,G,C
A,C,U,U,U,A,C
A,G,C,U,A,G,U
AAAGUAA
C,G,C,G,C,A,G
CAGCACU
GGUCGAC
G,U,G,A,G,C,A
U,A,U,A,U,A,G
UAUAAAG
C,G,U,U,U,G,A
G,C,C,A,G,A,A
CGGGGCA
GAGGGAC
CUCCUGC
CAUACUU
CAGUGUC
G,U,U,U,U,C,U
GGGCAGG
G,C,U,G,G,C,A
C,U,U,C,U,G,A
UAGGCAC
G,A,G,U,U,G,A
GGGAUCC
A,G,U,U,U,G,G
AAAACCG
GGGGCGG
AUGUUUU
U,U,A,U,A,U,A
C,C,U,A,G,A,A
AUGCAUU
C,C,U,C,A,G,C
A,U,G,U,U,G,A
UCGGGCU
GAAUUGC
C,A,U,U,U,C,A
U,A,A,C,A,G,U
AAGAACU
U,C,C,A,U,A,U
GGGCGAG
C,U,A,C,C,U,G
AGCAAAA
G,C,U,U,U,U,C
GGGGCCG
CUCUGAG
AGGGGGA
CUCUCGG
A,C,U,U,U,C,A
AAGCGCU
AGCAAGA
G,G,G,A,G,C,C
U,A,U,C,A,G,U
U,U,C,U,G,G,C
CUAGUAG
C,U,U,A,C,C,U
UAUGCCU
G,U,A,G,A,G,A
GGCAGUG
UGAAAGG
CAGAGGU
CUGGUCU
AGAAGGG
A,C,C,A,A,A,A
UCUCAAG
U,A,G,A,U,U,U
C,U,C,C,C,A,G
U,U,G,G,G,C,U
UUGGUCC
CCAGUGU
A,C,C,G,A,G,A
AGUGGGG
UAUAAUA
GCUGGUA
AAAACCA
A,G,A,A,G,G,U
UUGCCUC
AUGAGCU
U,C,C,A,C,U,U
U,U,A,C,U,U,U
G,C,C,C,U,C,A
G,A,G,C,A,G,G
G,U,G,U,C,A,U
A,C,U,U,U,G,U
UGGAAAG
GUGGAAG
CACAAGU
G,C,C,C,A,G,G
AGUGUUC
AAGGUGC
CAGUAGU
C,U,U,U,C,U,G
GUUGCCU
ACUUUUC
UGGACGG
GGAAUGU
A,C,U,U,U,C,U
G,G,C,A,C,A,U
A,G,U,G,C,A,U
A,C,C,C,A,A,U
UGCAGAC
C,U,A,G,C,U,G
C,A,C,U,G,G,U
AACACUG
A,G,A,G,A,A,U
GCAGGGG
U,G,U,U,C,A,G
A,A,A,C,A,G,C
G,C,U,G,G,G,C
A,A,G,U,G,C,U
GCCCUGC
GAGGUAG
GUGCAGU
U,A,U,U,G,A,G
ACAGGAC
UCCAGUU
GGGGGAU
G,C,U,G,G,A,G
U,C,C,C,C,A,G
CUGAACU
C,A,U,G,C,G,C
ACACAAG
C,U,U,G,U,G,U
A,G,A,G,U,C,C
C,C,G,A,A,G,U
U,G,A,G,U,G,U
G,A,C,A,A,G,U
C,A,G,G,G,C,U
A,U,A,A,C,U,U
A,G,U,G,G,U,G
GCCUUCC
GGUCUAG
UCAUGUA
U,C,C,C,A,A,A
U,A,U,U,G,U,U
C,C,A,G,A,G,A
GAUCAGA
G,C,U,U,U,G,C
CACAGUG
C,C,C,U,G,U,C
GCAGGGG
GCAUACA
U,G,C,A,G,U,G
C,U,G,A,U,U,G
CCUUCUU
UAGGGAG
A,G,A,A,C,A,G
U,C,C,G,C,C,C
CAGGUGU
C,U,C,U,G,A,U
CUGGAAU
GAUUGUC
UACAUGU
G,U,A,A,G,A,G
AUUUGGU
CAUGGAU
UAGUCCU
UAGCUUA
CUGAAAG
UGCAAAG
GUAAACA
U,C,U,G,A,A,A
C,C,U,U,C,C,C
A,G,G,G,C,G,A
UGGCCAG
CUCUGGA
G,A,G,U,G,G,A
G,C,U,A,G,G,C
C,C,U,U,C,C,A
UUCUAAG
U,G,G,A,A,U,C
GCUCCUU
GGACCUU
C,A,G,A,C,A,C
GAGGCUG
A,G,A,C,U,U,U
UCCGGGA
ACGCCAU
C,U,G,U,U,C,U
C,A,G,G,U,A,G
A,U,G,G,G,U,U
ACACUGG
CGGCCCA
GUUCCUC
AGUGGCC
G,C,A,A,U,A,A
U,U,U,U,G,C,U
CUUCUUC
U,G,G,C,A,U,C
AGCAGCU
U,U,U,U,G,C,U
U,G,C,A,C,C,A
G,U,A,U,U,U,U
GUGCCAC
A,G,A,U,G,U,A
U,C,C,G,A,C,U
G,A,U,A,U,G,U
AAAGUAU
U,U,U,U,G,C,G
A,G,U,G,G,A,C
UGCCUGU
A,U,G,A,U,G,U
G,A,G,A,A,G,A
UUGGACA
C,C,U,G,C,A,G
G,A,G,A,A,C,U
GAGGUAG
G,C,U,G,U,G,G
C,C,U,C,U,A,G
UGGGAUG
UUGGGAC
CCCUGUC
UUGUCCC
G,G,U,C,A,C,U
CCCACCU
CGAGGAC
GCUUCUU
G,G,U,G,G,G,U
UGGACCU
G,G,A,G,U,U,G
GGCUGGA
G,A,G,A,U,G,A
A,U,A,U,U,G,U
CUGGCUC
G,C,U,G,A,C,A
C,U,G,A,U,U,U
UCAUUUG
U,G,G,G,A,G,G
GAGCCGA
A,G,A,G,G,G,U
C,U,G,C,A,G,U
G,G,A,G,C,A,G
AUCUGCU
AACCCAU
UGAGACU
CAGAACA
UCGCCCU
CAGCAAA
C,A,U,G,C,U,G
U,G,A,G,G,G,A
U,U,U,G,U,A,C
U,U,U,A,A,U,U
C,A,C,A,G,C,A
G,C,A,C,U,U,U
G,U,G,C,C,U,G
ACAUUCA
C,A,G,U,U,A,C
U,G,C,U,C,G,G
AGGAGCU
AAAAUUU
U,A,U,U,G,U,U
CUCGGCG
CGCACUG
G,G,U,C,U,C,C
U,A,U,G,C,C,U
A,C,C,C,U,A,G
G,G,U,C,C,U,U
A,C,C,U,G,G,G
C,A,G,G,U,A,G
AACAGUC
UGCAAAG
AAAAUCC
U,U,A,C,U,U,C
GGGAGGG
C,U,U,C,U,U,C
AUGUAAA
G,A,C,C,U,C,A
UGGGUGA
GGAUAGG
G,C,C,U,A,G,G
ACCAUCG
GUUUUGA
AGUUCUU
G,C,C,U,U,G,C
U,A,U,G,U,G,A
AUGAGAG
CACCCUG
UUAAGAA
G,A,A,G,C,C,U
A,U,U,U,U,C,U
GUGGACC
C,U,U,U,G,C,C
GGUCUGC
A,G,A,U,G,C,A
GUGCAGC
G,C,U,U,U,C,U
G,A,U,A,G,G,U
ACUGUUU
AGACCAU
U,G,C,U,G,G,A
GCUGUCU
G,C,C,A,A,U,A
CAGGCAA
GGUAUUG
U,C,C,A,A,A,A
G,A,G,C,G,G,C
U,U,U,U,C,C,C
A,A,C,A,C,U,U
AAGUGCA
CAACCUA
C,U,G,G,C,U,G
G,C,A,A,G,U,U
C,G,U,U,C,G,C
AGGACAC
U,A,G,A,C,A,A
A,U,A,U,G,G,U
C,G,C,U,G,G,C
CCGUCUC
C,A,G,U,U,G,U
UUCUGUU
A,C,A,U,U,G,C
G,C,U,U,U,C,C
GGAAAUG
G,G,U,G,A,G,U
AUGCUAG
U,U,G,G,U,U,A
GGGCGUG
C,A,C,G,G,U,U
CUGGACU
C,A,A,U,A,A,A
UCAGAUC
CAAUAUU
G,U,U,G,G,G,U
ACUGGAC
GAGGGGC
AAGUCAC
CCAGAUA
AGCAGCA
C,U,G,C,U,G,G
C,U,G,G,A,G,C
AUUCCCU
U,A,G,G,U,C,C
GUGGGAC
GGUAGAC
GUCCCAC
G,C,C,C,A,G,A
UGGGAGG
G,A,G,U,A,G,A
AAGGCAC
G,U,G,A,U,G,U
U,U,C,A,A,U,A
UGCUCAC
GGGGGUG
G,U,C,C,C,A,U
CAUUUUC
UCUAGAG
GUGGAUA
AGCUUUU
G,U,U,U,C,A,U
CACGCGG
UGCUGAC
AGGUCGU
UUAGGUA
G,G,U,G,U,G,U
GUUUUGC
G,C,A,U,C,C,C
G,C,U,G,C,C,C
GGAUGAG
G,A,C,U,C,C,U
CCGAGCC
GAUUGGU
U,G,A,C,G,U,G
UGAGGAG
UGAAGUG
CCCAGGG
C,U,G,A,C,A,U
CUAGACA
CUAGUGC
CUAGAAA
GGGUUCC
AGUGAGU
A,A,C,A,G,G,A
A,U,U,U,G,U,G
A,A,C,C,U,C,U
GUGCAAA
CAGUCAC
C,A,G,G,C,C,A
GUGAGGC
UAACAUU
C,U,G,A,A,U,A
G,C,G,G,A,G,A
U,A,G,G,G,G,U
CGCUUUC
UGAGGAA
G,A,G,A,G,G,A
C,A,C,G,G,C,A
G,G,C,A,G,A,A
C,A,G,C,A,C,U
C,U,G,C,U,C,C
C,U,U,A,A,A,G
AUUGCAC
CCACUGC
A,U,U,A,U,G,C
A,U,U,A,G,G,U
A,U,A,G,G,C,U
C,C,C,C,C,A,A
GAUCUCA
G,G,G,G,G,C,G
A,G,G,G,C,A,A
UCACACA
CUGGUAU
CACAAGG
C,U,C,U,C,C,C
CUCCAAG
U,A,G,A,G,U,G
AGCCCUC
U,A,C,U,U,U,A
U,U,U,C,A,U,U
GGGGCGG
G,A,U,G,U,U,U
C,A,U,A,G,U,U
C,A,C,G,U,C,G
U,G,G,A,G,A,U
AAAGUUU
GACCGAU
G,C,U,U,A,C,U
GACCCAC
UGGUCAC
A,A,C,U,C,C,C
C,A,U,G,A,G,G
GGUUCUC
U,U,G,C,C,A,U
AAUGAUU
GUUUGGG
AGCAGCA
G,C,U,C,C,U,C
AGGCAGU
G,A,U,G,C,C,C
U,G,A,A,U,U,C
U,C,C,U,C,U,G
U,A,G,A,A,G,G
U,U,G,A,U,A,U
CCUGUCU
G,A,G,A,A,C,C
CAGUAGU
CUUAAAC
C,U,U,U,G,C,U
C,U,U,C,U,C,U
G,A,G,A,U,G,A
G,C,U,G,G,G,C
C,C,U,A,A,C,C
GGGGGAA
AGCGGGG
UGGGAGG
AAAGUAA
AGGCCAC
A,G,A,A,G,A,A
C,C,G,G,G,C,C
C,A,G,A,G,U,G
G,U,U,U,G,U,G
CUGAGAA
CCAGCAU
ACUGUUU
A,G,G,G,G,A,G
C,G,G,C,U,G,U
G,G,C,U,G,U,C
AUAAUAU
G,C,C,U,U,G,U
CAAGAGC
ACUAGUA
U,C,U,G,U,G,C
U,G,U,C,A,G,A
ACCAGGG
AAAGCUG
A,G,A,A,G,G,C
U,C,C,C,U,G,C
GCAAAAG
G,A,C,A,C,G,U
U,G,C,G,C,G,U
UUUCCCU
A,C,U,G,G,G,U
CACUCUC
C,U,U,U,U,G,U
GGCUGGA
CGUUUGC
U,C,G,A,G,A,G
U,U,U,U,G,C,C
UUGGGGU
CACCAGG
G,G,U,G,G,G,U
CACUUGU
UGUCUGG
CCAGGGC
AAAGCUG
G,C,U,C,G,G,A
AAUCACU
UACCCAU
AGGCUGA
G,C,C,U,U,A,G
CGUACCG
CCAGCGC
AAAAUGA
GCUGGGU
GGGGACU
AACCUGU
C,C,U,G,G,U,U
CCAGCUC
GACAGCG
G,A,G,A,A,G,G
G,U,A,U,G,A,G
U,U,U,U,G,A,A
C,C,A,U,G,U,U
U,C,G,G,U,U,A
GGGAACU
UGUGGCU
GCCUGGA
C,U,C,C,U,G,U
UCGGGGC
A,C,U,C,C,A,C
U,A,G,G,U,G,U
C,G,U,G,G,C,G
U,G,C,U,G,G,C
CACUACC
C,U,C,U,C,A,G
AUCUGGG
AUCCUUG
G,U,A,U,G,U,U
CUCCCAC
G,C,C,C,A,C,A
GGGCUGA
U,C,U,G,C,A,G
U,C,U,C,U,G,U
UGGAAGC
CAAAACU
U,G,G,A,G,G,A
GAGAUGA
AACGCAU
G,A,U,U,C,U,G
A,G,C,U,U,C,G
UGGGCUC
AAUGCCC
CCCGAGA
UCCCACC
AAAACUG
U,C,C,U,U,U,C
CACAAAU
CUCCUGA
U,G,U,U,G,G,G
GGAGGCA
AGUGGAU
CUGCGCU
U,C,C,C,A,C,C
AAAAACU
AGGUAGU
U,C,U,U,C,C,A
CUGGGCA
GGGUGUU
AAAGCUG
GCCUGUC
U,U,U,G,U,U,C
CUGUAGU
CCCGUCC
G,U,U,C,U,G,G
CUGCCCC
GGCCAAA
C,U,U,G,G,C,G
AGUGCCU
G,G,C,C,G,G,U
GAGAUGA
UGUACAG
AUUUACU
AAAGCAU
CGGGGCA
U,A,A,A,U,G,A
G,G,U,G,U,C,C
AAGGAUU
GAUGGAG
U,U,U,G,C,C,U
GGGAAAG
C,U,C,C,C,C,A
GAUAUUU
CAGCUCC
GCCCCAA
U,G,C,C,C,A,G
ACUAUAG
A,G,U,A,C,A,C
AUCGGAC
U,G,U,U,G,U,U
AAGGAAA
GCCCUGC
U,G,A,A,G,C,U
A,U,G,C,A,G,G
GCCUGGG
GUAAACA
G,G,G,C,C,C,U
CUCAGUA
U,C,G,U,G,G,U
G,C,A,G,C,U,C
A,A,C,C,U,G,C
AUCAUAC
GAGAAGA
AUAGGCC
G,G,U,G,G,U,U
GAUAUCA
C,U,C,U,G,A,U
GUAGUUG
G,G,A,A,A,G,U
G,G,C,C,C,A,G
G,A,U,G,A,C,A
AUUCAGG
GGGAACU
G,U,U,U,G,G,C
AAAAACU
UACAGUU
CUGGACU
G,G,G,C,C,U,U
A,A,G,G,G,A,G
GGGUGUG
GGACCAU
U,A,U,U,A,G,G
UUAGAGA
GAGUAUU
UUAAGCA
AAGACCG
GAGUACC
GCAGCAU
U,G,U,C,A,C,A
GGAAGGG
G,A,A,G,C,U,A
CUCUUCA
AGCUUAU
U,U,G,G,C,U,C
GCUGGGG
G,G,G,A,C,A,U
C,U,U,C,A,U,C
AUAAUAC
G,C,A,U,U,G,C
U,G,A,C,A,C,A
U,G,C,C,U,C,A
G,U,U,U,A,G,A
UUGGGAC
GGUGUUA
G,A,C,A,U,G,U
AAAGUAA
U,G,G,G,G,A,G
UCCUGGG
G,U,U,A,U,A,C
CCUGAGG
UCCUCCA
CGGGUUA
UCGGCGC
A,A,U,C,A,G,U
UGGUUUC
A,U,G,U,C,A,C
A,G,A,G,U,G,U
CUCAAAU
U,A,C,U,U,U,U
GUCCUCU
AAAGGCG
CCUGUGC
U,G,U,A,U,C,U
GUAUCCG
AAGACAU
A,C,U,C,C,A,G
C,C,U,C,U,A,G
C,A,A,G,U,A,U
G,U,C,U,G,U,G
G,C,G,A,C,G,U
AGGCGUC
G,C,G,G,C,C,C
AGGUAGU
G,U,U,G,G,A,G
AAAGGCA
U,G,U,U,G,G,G
AUGUAAC
CAACAAA
UUCCGGU
GAGGUAG
CAGGCAC
U,A,C,C,C,C,A
CCCUGAC
C,U,G,A,A,C,C
UCCCUCU
AGGCUGA
A,U,G,A,G,C,C
U,U,C,U,U,C,A
U,G,U,C,A,C,A
CUAGAAA
C,C,U,U,U,C,U
U,G,U,A,A,U,U
UAUACCU
G,C,U,G,G,C,C
U,G,U,G,U,G,G
GGCCGGA
U,G,U,G,A,G,U
ACUGUAG
UAAUGCU
C,A,A,U,C,A,C
U,G,G,A,G,G,G
C,U,C,C,U,G,U
GGCACCA
C,A,A,C,G,U,U
AAAGUGC
C,A,C,A,U,G,C
A,U,U,A,C,C,U
A,C,C,C,U,U,C
U,U,U,G,G,C,A
A,G,G,U,C,U,G
CUGGGCG
C,U,A,U,G,U,U
G,C,A,A,U,U,U
CUCAUUC
AGGAUGG
CUCUAAA
C,C,G,G,C,C,G
CUCUGGG
U,G,G,G,C,U,G
UCGAGUU
CAGCAGG
A,C,A,A,G,U,A
U,C,U,U,U,A,G
AUAAAGU
AGUUGGG
U,G,C,C,U,G,G
CCUGGGU
C,C,A,A,A,A,U
G,G,G,C,U,G,A
CCCGGGA
U,G,C,A,C,C,A
GGAGCAG
C,C,A,A,G,G,C
C,C,U,U,A,C,A
G,U,U,U,U,U,G
CUGGCAU
C,C,A,G,C,U,A
A,C,A,U,C,U,U
GGGGGUG
G,G,U,G,G,U,U
GCCAACC
GAGGAUG
UCGGGCG
AGGGCAG
U,G,G,A,C,A,A
CCUGCUG
U,G,A,A,C,C,U
GUGGUUC
UGGGAGA
U,C,U,G,A,C,C
U,U,G,G,G,A,U
U,G,G,G,A,G,G
UGUGGGC
UACACAG
GAAGCUC
UUGCAGU
G,U,U,U,U,U,G
CACAACA
C,U,C,C,A,C,C
ACUAACU
AAAGUAA
A,C,A,U,C,U,U
G,G,U,U,G,G,G
U,C,C,C,C,A,G
UGGGGAA
CUAUUUC
GAGUGUG
UAGACUG
C,G,A,C,C,C,A
AAGAUCU
ACUCACG
C,U,U,U,U,G,C
A,C,A,C,A,G,A
C,U,G,C,U,A,U
AGGGUCA
G,U,G,U,U,C,A
ACAGAGU
GAGACAG
U,G,U,G,C,U,A
CUCAGGA
C,C,C,A,U,G,G
AAAUUUC
G,U,G,G,A,A,C
C,A,C,C,C,G,U
A,U,U,A,G,G,G
GGGCAUG
GAGGCCC
U,C,C,A,A,A,G
CAGAUCA
GUAGAUU
CUCCAUU
UUGGCAA
GAGAACU
GAGGGGU
GGACUGA
AGAUGUG
UAUGGGU
C,U,C,U,G,G,G
AGGGGCA
AGGCCAU
UCCUAUA
A,U,G,G,G,G,U
A,G,C,U,G,G,U
GAAGGCA
G,G,C,A,A,C,G
C,A,G,G,C,C,G
U,C,U,G,G,A,U
CUGGCUA
U,A,A,A,C,G,U
ACAAUAU
G,G,G,A,C,A,G
U,G,U,U,G,G,A
GCAGAGG
G,C,A,G,A,G,A
GAGUGGG
CCCCACU
GCGGCGG
CCCCGGC
CUCCAAA
A,U,C,C,A,G,C
C,C,C,C,A,A,A
AACCGUU
G,G,A,C,C,C,A
G,U,G,G,C,A,C
CCUGUUC
GAGGUAG
A,G,G,G,A,G,U
G,G,U,G,G,G,G
UCUCACC
CGCCUGA
GCCUUGU
CAUUUAU
ACAGGUG
C,U,U,C,U,C,C
G,G,A,A,G,G,A
UGAAUUA
UCCGCUC
AUGGUUC
AUUGAGA
UAUACAA
U,C,C,G,A,C,U
A,U,U,C,U,C,G
CUGUGCU
GGUUGUC
CAGGGAG
C,C,G,G,G,C,U
GUGGGAG
C,A,C,U,U,U,C
U,A,C,A,U,C,G
GGUGCUC
C,U,A,G,A,G,G
G,A,G,G,C,A,G
G,G,A,U,G,U,G
UGCCAGC
A,G,G,C,U,A,A
CGGAGAG
GCAUGAC
A,G,G,G,C,U,C
G,C,U,C,C,C,A
ACUCUGG
G,A,G,G,C,C,U
A,C,C,U,U,A,G
A,U,G,G,A,G,C
CUGUCAU
G,C,U,G,G,G,A
AGCCCCA
UCGGGCC
GGGCCAU
A,G,A,G,G,G,U
G,C,C,U,A,C,A
CUUGUAU
GGCUGUU
C,U,U,U,C,U,G
U,U,U,C,U,U,C
ACCAGGC
CUAAAGG
UGCCAGC
AAGUGCU
C,U,C,U,A,A,U
A,G,U,A,A,G,U
U,U,U,G,U,U,G
U,U,G,U,U,U,U
AAAUAAU
C,U,G,A,G,U,G
GGCGCGA
A,U,C,G,A,A,U
GUGGGGG
CCUGUCU
AUCCUUU
CCUCUCU
UUCUGCA
GGUUACC
GUAAACA
C,G,C,G,G,C,U
AAUUCUC
GAGGACC
A,C,U,U,U,G,U
C,C,U,G,A,G,G
G,U,C,A,A,A,A
A,U,G,U,A,C,U
A,G,A,U,U,U,C
GUGUCCC
A,G,U,A,U,C,A
G,A,G,U,A,G,G
C,U,G,G,A,A,G
UCCAGAG
AAAGCAC
GGGACUU
AAAGUUA
A,G,G,A,C,A,G
GGAGGCA
C,C,U,G,A,C,C
U,C,C,A,C,G,U
C,A,G,U,G,A,U
CUGCAUU
AGGUCAC
AAAGUAA
A,G,A,G,C,C,G
UAUACAG
GGGUGGU
AACGGCC
U,U,A,U,G,G,A
CAUUGUG
CUGGGGA
GGGGCUA
C,A,G,G,A,C,A
G,G,A,C,A,A,G
CUAAUUU
G,G,G,G,U,A,G
A,G,A,G,G,C,G
AUGGCGC
AAAAACC
C,C,A,U,U,A,C
UACAAAG
C,U,U,U,U,G,C
C,C,C,C,C,A,G
G,U,U,U,C,C,C
UUUCAGU
C,A,G,C,A,G,G
AUGGCAC
A,G,C,A,G,G,C
A,A,U,C,U,G,A
C,C,U,U,C,A,G
C,A,A,G,A,C,A
GUGACUU
G,G,G,G,A,G,C
UCUGCCU
GUUCUUA
GGUAGAA
AAGGAGA
AAAGCGC
CAGACUG
AAGUGCA
U,U,U,U,A,C,C
C,U,G,G,U,C,U
C,U,U,U,U,G,C
CGGCAUG
G,G,G,A,C,G,U
G,G,U,G,U,A,C
A,C,A,A,G,G,C
GGGGUGC
C,U,G,U,G,G,U
C,A,C,U,U,U,C
UGUAUGU
C,U,G,G,A,C,U
G,C,A,C,C,A,G
AUCAUAC
UUGGAUU
UUAUCAG
UGGGGGU
A,G,G,G,C,A,G
G,U,G,A,G,C,A
UGGGAGG
CAGCAUU
U,U,U,U,G,G,G
ACAUCAC
CACUGUU
GCGACAA
GCUGGUC
C,A,U,A,C,A,U
ACACGGG
GGGGUGG
G,C,U,A,A,A,U
G,U,C,C,C,C,A
ACUGCAG
A,G,U,G,A,U,C
UCACUGA
UAGUGCA
G,G,G,C,A,G,G
CUGGGAA
U,A,G,A,U,G,U
U,A,U,A,G,U,U
G,G,G,G,U,G,G
GAUUGUA
U,G,G,G,U,A,G
CUGCAAG
G,G,G,A,C,G,U
C,C,A,C,U,A,C
UAUACGA
U,U,U,U,U,G,C
G,U,G,G,G,C,A
CUGUAGC
U,C,U,G,A,G,A
UGAGAAU
AGGUUUU
AGGGUCU
C,U,G,G,A,G,A
CGCGGUU
A,G,U,G,A,U,U
G,G,C,C,G,C,U
CAGAGAU
C,C,U,G,A,G,U
C,C,C,C,G,U,C
GAAGUAA
U,G,C,C,C,C,C
U,C,G,C,C,C,A
ACUCCAG
G,C,U,C,C,U,U
U,G,U,C,A,G,A
AUGACAC
UUCUAUU
AAUAUGA
AGCAAUA
C,A,G,G,A,G,C
UCCUUGC
G,C,C,U,A,U,A
ACCGAGA
A,U,C,C,C,C,A
AGAAAUG
GGCAUUG
G,C,C,C,A,G,C
UGUGGGC
U,G,U,C,G,G,G
CUGCGUG
AAAGAGA
AGAUAAA
GGUGAGC
A,G,A,G,G,G,U
U,A,G,A,C,A,G
GUGUGGC
AAAUCAA
U,C,G,G,G,G,C
ACCCCCU
UCCAGCC
G,G,C,A,C,C,A
A,U,C,G,U,C,A
G,G,U,G,G,A,G
A,A,G,U,G,C,U
UAGCAGC
C,A,A,U,U,C,U
U,C,U,G,U,U,C
UGGCCCU
G,A,G,G,C,A,U
CUUCACC
C,U,U,A,G,G,C
G,C,C,U,G,C,A
U,C,C,C,U,A,G
G,G,C,U,U,C,C
AUGGUAC
GAUCAGG
CAGUGAC
C,C,C,A,C,A,G
CACCGGG
G,U,C,U,U,U,C
CAUCCUG
AUCUCUA
G,U,U,U,C,U,U
A,G,G,A,G,U,G
U,C,U,G,A,U,U
UUUGCAU
GAUUGUC
A,C,U,U,C,U,G
G,C,A,C,C,A,G
G,C,A,G,G,A,A
G,G,G,A,A,C,C
GUUGGGA
GUUGUAC
G,C,U,G,C,G,G
GAGGAGA
C,U,U,U,U,G,C
G,A,G,G,U,C,U
G,C,A,A,C,A,G
U,U,U,C,U,G,U
G,C,C,C,G,A,U
UGGGUGA
C,G,G,C,U,G,A
A,C,U,C,U,U,U
AUCAUCG
AAAGUGC
G,A,A,C,U,G,U
G,C,C,C,U,U,C
C,A,G,C,A,G,U
CCGUCUC
GUAGAUA
AGUGGUC
GGGCCAG
GGGCGAG
A,G,A,G,U,G,U
AGUGCCG
UUCCGGC
U,U,A,G,A,G,U
U,G,G,G,G,A,U
GGGAAUG
C,A,G,G,G,C,C
GAGAUGA
U,C,U,U,A,U,U
UCACAUU
CAGCAGG
CUAUUCU
A,A,G,U,U,C,C
ACCGGGG
UCUGUAA
AUAAAGU
CAAAACU
C,U,G,C,A,G,A
C,G,U,G,G,A,A
C,C,A,G,C,A,G
CAGAGCA
CCCGCGU
CUGGGAG
UCACAUU
ACAACAA
A,G,G,U,G,A,G
C,G,U,G,G,G,G
C,C,A,U,G,U,U
UCUCGAG
CUGUAAA
GAGGGCA
G,G,U,G,U,U,C
GAGAACU
CGACCCA
G,A,G,U,G,G,A
C,C,A,G,C,A,C
C,A,A,A,G,C,C
G,A,G,G,A,C,A
A,G,A,U,G,U,G
A,A,G,A,G,U,C
ACCGACU
UGGGGGA
A,U,C,A,G,G,U
C,A,U,G,U,G,C
G,U,G,G,C,C,U
G,U,U,C,U,G,G
A,G,G,U,U,G,G
G,C,U,U,G,A,U
U,A,A,G,A,C,A
UUAUGCA
U,U,G,G,G,U,A
AAACCGU
AAACUGU
A,U,G,G,A,G,A
C,U,G,G,A,A,G
GGGGUGG
UGUGAAG
G,C,C,U,G,A,G
AAAAACU
U,G,C,C,C,A,U
C,C,A,G,A,G,G
GAAUGGU
AAAGUGA
A,A,A,C,U,C,A
UAUACAC
ACAGGCU
UUCCUAC
AAGGCAU
C,C,A,G,A,G,A
U,G,G,U,G,U,U
GACACGG
C,U,G,G,G,A,C
A,U,C,A,G,G,U
U,C,U,C,A,G,C
C,U,C,U,C,G,C
C,C,G,U,U,G,A
UGGGGCC
AGUUGGC
AGUGGUU
GUGAGGU
U,C,U,C,C,A,G
GAAGAAG
U,A,U,G,U,U,C
G,G,A,A,C,A,G
U,C,G,G,U,A,C
G,G,A,U,U,C,A
A,U,G,U,U,C,A
AAUACUG
A,C,C,G,G,C,U
A,C,U,C,A,U,G
C,G,C,C,C,C,G
AAUCCUU
U,C,A,G,G,A,C
A,U,A,U,A,G,U
AUGGAUU
UCCAGCC
AGACUGA
GCCACUG
U,A,U,U,G,G,C
G,C,G,G,A,G,U
U,G,U,A,U,A,U
UCACAUU
CAAAGUG
A,G,A,C,U,G,U
GCUUCCU
AAAAGUG
C,C,C,C,A,G,C
AACUAAU
G,G,G,A,G,G,U
AACUACU
UCGGCCG
G,A,U,G,C,C,U
G,U,C,U,A,A,G
UGGUACA
G,C,C,C,C,A,G
A,A,U,C,U,G,C
AAAACUG
U,C,C,U,U,A,U
C,U,U,U,U,G,C
GCUGUAA
A,U,U,U,G,U,G
CCCUCGU
U,A,C,A,U,G,A
C,U,G,C,U,G,G
A,G,C,U,G,C,U
G,C,U,C,C,C,A
G,G,C,A,G,U,A
G,C,C,A,G,A,A
AAACCAC
A,C,C,U,G,U,U
AAAAACC
CCCACUA
CCUGGAC
GGCCCAA
G,G,G,A,U,G,G
A,G,A,G,U,U,G
U,G,G,G,G,C,U
A,C,A,G,U,G,G
G,C,A,C,U,A,C
UGCCACA
C,U,A,G,A,A,C
U,U,C,C,U,G,A
GGAAUGU
A,U,U,U,A,A,G
C,C,U,G,G,G,A
GGCUAGG
A,C,U,G,U,U,U
G,C,A,A,U,U,G
A,A,C,A,C,C,U
A,G,A,C,A,C,A
A,A,G,U,G,A,U
A,G,G,G,C,A,U
G,G,C,C,U,G,G
UGGUUAU
G,C,C,C,U,C,A
GUGCCUG
G,U,U,U,U,U,G
GGAAAAG
A,U,G,G,C,A,A
U,G,A,G,G,G,A
A,G,A,C,A,G,U
CUCCAGU
CUCACCA
A,G,A,A,C,U,A
A,G,A,U,G,U,G
AGUGAUC
C,A,U,G,U,U,U
GUGCUUG
AUGACGU
U,C,U,G,U,U,U
CUGGACU
AGAUCAU
CUAAGGA
UCGUGCA
A,C,C,A,C,A,U
UGGGGUG
GGCAGGU
CCCUCUG
CUGCGGG
U,C,A,U,G,C,A
UUAAGGA
A,G,C,U,G,A,G
CCUCCUG
GUCCCGG
G,C,C,C,A,G,U
C,G,U,C,U,U,U
GGACUGG
A,G,U,G,G,A,U
C,A,G,C,U,A,C
C,C,C,C,C,A,G
C,A,G,U,U,A,G
U,U,G,U,G,G,U
G,U,A,G,G,A,G
CUCAGGG
C,C,C,G,G,G,C
G,G,C,A,G,A,G
U,G,C,A,C,C,A
AAGAAUA
GGCAGUU
UGCAGGC
G,C,A,A,C,A,A
C,C,A,G,A,A,G
AAGAUGG
G,A,G,C,A,U,G
U,C,C,U,C,A,G
GUUGUCA
GGCCCGG
U,C,U,C,U,C,U
G,U,A,A,G,G,U
A,U,A,A,A,G,G
GGCGGCG
A,A,U,G,G,C,G
G,C,U,C,U,A,G
U,U,C,U,A,G,U
GACUUCC
G,A,A,U,U,U,A
UGGACUG
U,G,C,U,C,A,U
CUGUGCU
U,U,G,U,G,G,U
CAGCCAC
CCCUUCU
AUGGAGU
GUGCAAA
GUUCCCU
CUGAGCC
G,G,A,C,G,C,U
GCUUCCU
AGAGAAC
GGGGAAG
C,C,U,C,G,G,G
G,C,C,A,U,A,A
GCCCAUG
C,A,A,U,C,A,A
UAGCCAA
C,C,C,U,G,G,C
G,U,G,C,A,G,C
AAAUUUC
GCUGGUG
GAUGGAG
GGGAGAG
AAAGUAA
A,A,C,C,C,G,G
CUCAAAC
G,C,C,C,G,C,A
A,U,U,G,G,C,G
A,G,U,C,C,C,A
AAAGUGC
UUAGGGC
U,G,G,G,U,G,G
AUUCAUU
GAGGGGU
UGGCCAC
U,U,A,C,U,C,U
UGAGUCU
CCUCUCU
C,C,C,A,U,G,C
UGGUACC
AAGUAGC
CAGUGUG
AGUAGAC
U,U,C,U,C,A,G
UUAACAU
UGUGCCU
GGGGGCG
UCAUAGA
U,U,G,U,U,U,U
G,G,U,G,U,G,A
GGGUAUU
CAGAUGA
AGGGAAA
A,U,G,G,U,G,A
UGUAUAA
C,U,U,G,U,C,U
G,G,U,U,U,C,U
GGAGAAG
C,U,U,G,U,G,A
CUGACAC
U,G,A,C,U,U,C
A,G,C,U,U,U,A
UCUGGAA
GAGCAGA
C,C,A,G,G,C,A
UGGCCAU
UGGGUUG
UAUACGG
G,C,C,U,U,C,G
CAGGCCU
GCGGCCG
ACAUAUG
G,U,G,U,G,U,G
UCAGCAG
U,U,A,C,C,U,U
C,U,A,A,U,C,U
A,C,U,U,C,U,U
C,C,A,U,U,C,A
ACACAUA
C,U,A,U,U,C,U
G,U,C,A,G,G,A
GGAUAUG
A,C,A,U,A,U,U
CUCAGAU
CUGACAU
CGGGAGA
C,C,C,G,C,A,G
G,G,C,C,A,G,G
UGUCUGC
A,G,G,G,G,U,A
GAAGUUA
U,U,C,G,C,U,G
CCUGUAC
C,C,U,G,G,G,A
C,C,C,C,U,C,A
CUGGGGA
G,A,G,G,U,A,G
A,G,A,C,G,U,C
GCUUAAC
A,A,A,G,C,A,C
CUGAAUA
C,U,U,U,G,A,G
C,C,C,G,G,U,G
C,C,U,C,U,U,U
AAAUUCG
C,C,U,C,U,C,U
G,G,G,U,U,G,A
G,C,G,U,C,G,U
UCUCCUC
A,C,C,C,C,U,U
G,U,C,A,A,A,U
AAAGUGC
UCUGGAU
C,C,C,A,G,G,C
C,C,U,G,C,A,G
U,G,C,U,G,U,U
AAGUUCU
C,G,C,G,A,G,C
GCUUCCU
C,A,C,U,A,C,U
U,U,U,U,U,G,C
GCAUCCC
G,G,G,A,A,U,A
C,U,A,A,A,A,G
CAGGGCC
A,A,A,G,G,C,G
U,G,U,U,U,C,C
GGAUGAC
AGUGCUG
G,A,A,A,A,A,U
U,G,U,G,U,G,C
UUAGUGU
G,G,A,C,C,G,C
AGCUUAU
A,G,G,G,U,G,U
GACAUCA
ACUCGUG
CCUUGGG
CACAUGG
A,C,G,G,U,G,U
U,C,U,G,G,U,U
U,U,U,G,G,A,C
U,G,G,G,G,C,C
UACACAC
A,G,U,G,U,G,U
UGCUAGU
A,A,C,U,U,C,A
U,U,G,G,A,G,U
GUCUUAC
C,A,G,A,A,G,G
A,G,G,C,G,G,A
U,U,G,G,G,U,A
G,G,A,A,G,C,C
C,U,G,C,A,G,U
G,G,C,C,C,A,U
GUGGCCC
G,U,G,U,G,U,G
C,A,U,U,U,G,C
A,G,G,C,G,C,U
C,A,G,G,A,G,A
U,G,C,U,C,U,A
CUGAUUU
G,U,A,A,G,A,C
UAGGGCC
UCGUGCA
U,A,U,A,A,C,A
UAAUUUU
U,G,G,G,C,G,C
G,U,U,G,U,U,G
C,U,U,C,C,A,G
GUUGGGC
A,A,C,A,G,U,U
UUUGUGU
A,A,G,C,G,C,G
A,G,U,U,A,G,U
GAGUGAC
UGACUGA
AAUUUAG
UUGGGGC
A,A,C,U,G,A,A
CCCCCAG
GGCUGGG
A,G,A,A,A,A,C
GUUAAUG
C,C,C,U,U,U,C
UCUAGAU
G,G,U,C,C,A,G
U,G,U,G,G,U,G
AGGAUGU
GAGCGCC
GACACAU
A,C,U,G,U,G,A
A,A,A,G,C,A,G
AAUAUGG
UGGGGUG
A,G,G,C,G,C,U
G,G,G,A,G,G,A
AGUACUG
GUUUUGC
G,C,A,G,U,C,U
CGACAGC
G,C,U,G,U,G,G
CUUGAAG
A,C,U,U,U,U,G
C,A,A,G,C,G,U
GGAGAGA
G,U,U,G,U,C,U
G,G,A,G,U,U,U
UGGAGUC
GGAGUGU
A,C,A,A,U,U,A
G,U,A,G,U,G,A
AGACAGG
G,G,A,A,G,A,A
U,G,C,A,G,U,G
AGGGGCU
A,G,G,C,U,C,A
G,G,U,G,G,U,G
C,U,C,A,G,G,G
UUAGAUU
U,A,U,G,G,U,U
GAGCUGG
C,U,U,G,G,U,C
G,G,G,G,C,A,G
AUGUCUG
GAGGCUG
CUGGGCA
G,A,U,U,C,U,G
C,U,U,U,C,U,U
UCAGGGC
C,C,U,G,C,A,G
A,C,U,U,U,G,U
A,G,G,G,C,U,G
GGGGCUC
GAGAUGC
CUGGCAA
UGCGAGG
GACCUGG
G,C,U,C,G,G,A
UAUUACC
U,A,G,A,G,C,G
AAAGUAA
U,G,C,C,U,U,G
CACAGUG
CCUGGCA
G,C,A,U,U,U,U
ACUGCAU
G,A,G,G,C,A,A
U,A,G,A,C,A,C
C,G,A,G,C,C,G
C,A,G,C,U,G,U
A,G,A,G,U,G,U
AUGGGGC
GUCGUGG
AAAGCGC
AUACAAU
ACAGUAU
A,A,U,C,A,U,G
GGUUGUC
C,C,U,U,U,C,U
CAGGACA
GGGCUGU
G,U,G,A,A,G,U
C,G,G,G,A,C,U
AGUUCAG
GAGGAAC
UUAGGAU
U,C,C,A,G,U,U
U,C,U,C,U,G,U
C,C,C,C,U,C,A
CGACCCA
A,U,C,A,G,A,U
UUCUGUC
AGCAGCA
UCUAGCC
U,C,U,U,C,U,U
G,G,A,G,G,G,C
C,C,U,C,A,G,U
U,G,A,A,U,U,C
U,U,U,U,G,U,C
G,G,U,C,U,U,U
CUUUUCU
GGGUGGA
U,U,U,G,C,C,A
C,U,G,G,A,A,G
GCCUCUU
GGAGAAG
GGCAGUG
C,C,A,C,C,A,G
U,G,A,G,G,A,A
GAGGGAG
UGCAGCU
G,U,A,U,A,U,A
C,A,C,G,G,U,C
GGCAGGG
GAGCACC
U,A,C,U,C,U,G
G,C,U,C,C,G,G
G,G,G,A,G,C,G
GAGGGAG
C,A,A,G,G,U,U
AUAUAAC
A,C,U,A,G,C,U
AAAGUGC
A,G,G,U,U,C,U
UUGUAGA
UUCUCUC
GCUACAA
U,U,G,G,U,U,A
C,A,G,G,G,C,A
U,A,G,A,C,A,U
UACUUCU
A,G,A,A,A,G,C
C,C,U,G,U,G,U
G,U,G,C,A,G,U
UGAGUGU
G,U,G,U,G,A,A
A,U,A,A,G,G,U
UGAGUGG
G,C,A,C,U,U,U
U,U,C,U,U,U,G
U,G,A,G,G,A,G
A,C,U,C,A,C,U
GUGAAUG
U,A,A,G,G,G,U
GUCACUC
UUUGCAC
UUAUAUC
U,C,U,C,C,U,G
A,U,G,A,G,U,A
U,C,C,C,G,A,U
U,U,U,U,G,C,A
C,A,A,U,G,A,A
AAAGAAU
AAAGUAC
G,U,C,U,A,G,U
G,G,G,G,U,G,U
CUGGCUA
AAAACUG
GAAGCUC
UGCAGAG
GCGCCGG
AUGAUGC
GCCCUAA
U,A,G,G,G,U,G
U,C,C,G,G,A,G
U,C,A,G,C,C,A
AAUACUG
CUGUGAU
G,G,G,G,C,U,C
CAGCCCA
GCUGUAU
AAGAUGG
U,G,A,G,G,G,A
CAUAUUG
UGCCAUA
A,U,U,A,U,G,U
UAGUGAA
C,A,U,G,G,A,U
G,G,G,C,G,G,G
CUGGACU
UAUACAA
GCUGUCU
CAGUCUG
A,G,C,U,A,G,U
AAGGUGC
UGAAGAG
U,C,A,G,C,U,C
G,G,C,C,U,U,C
C,U,G,C,U,G,A
G,A,G,U,C,A,C
U,G,C,U,G,G,A
U,U,U,U,G,C,C
AAACGGU
G,G,U,U,G,A,U
G,A,G,A,G,A,G
C,C,C,U,U,C,U
AAAGAGG
C,A,C,A,G,U,G
AUGCACC
C,A,C,C,C,A,G
C,U,G,U,U,C,G
UCACAGU
A,G,G,A,G,G,A
A,G,U,U,G,C,A
C,A,G,G,G,U,U
AGGGAGG
UCACAAG
UCAUUUA
AGCACCA
GGGGCUG
AGGAGCU
A,U,U,C,U,U,A
C,C,C,A,C,A,G
G,C,A,G,C,C,C
UGGGUAG
U,G,C,A,G,C,C
AAAUGGU
A,G,A,G,U,A,U
G,U,C,G,C,U,U
GGUUCUA
A,G,G,G,C,U,G
UGCAGGC
C,C,A,U,G,G,G
U,A,A,C,A,C,C
A,C,C,C,U,C,A
C,C,C,C,G,A,G
AGCACCA
C,U,G,C,C,C,U
AGUUCUA
U,C,C,U,G,A,C
U,A,U,U,C,U,G
GCUUUUG
U,A,G,C,A,U,C
C,A,U,C,U,C,U
GGGUAGA
C,U,U,A,U,G,A
G,A,G,U,G,U,G
U,U,G,A,A,G,U
AUGUGAC
CCCUGGG
U,G,C,U,U,U,C
U,C,G,G,U,U,A
U,C,C,U,G,G,A
G,U,U,U,C,C,U
C,U,C,C,C,A,G
C,C,U,U,G,A,U
GCGAGGU
GGGCUCA
CGUGUCU
ACACAUG
U,G,C,C,U,C,U
U,G,G,A,C,A,G
GUCGUAU
UUCCCUU
G,G,U,G,A,G,U
U,C,C,C,C,A,C
GAGCUGC
GGAAUGU
GGGGGGC
GCAGUGU
U,U,A,G,A,G,G
CUGGGAU
U,C,C,U,C,A,G
CGGUGCU
AAAGUAA
UAAGACU
GGUUGAC
G,C,A,G,A,G,A
A,U,G,G,G,G,A
A,U,G,C,U,A,A
AGGGCUU
C,C,U,G,U,G,A
CUGAGCC
GGGGGAG
GUCUUAC
UAGGAGG
AUGAUGA
A,G,A,G,G,C,G
A,A,G,C,C,C,A
GCGGCGG
CCGGAGC
UCCACUG
AACGGCU
ACCCUGU
G,A,U,G,G,G,U
ACUGCAG
CAGGCAC
GAGGCAG
GCUUGCA
C,U,C,C,C,A,G
U,U,U,U,U,G,C
AUUGCAC
UAGUCUC
U,U,G,C,A,G,C
C,A,C,C,C,U,C
AUCUUCC
AACAAAC
AAAUUUC
CGGUUCC
UGGACCA
A,C,U,G,U,C,U
G,A,U,C,A,G,A
C,A,U,G,G,G,U
A,C,C,U,A,U,U
AAAGUGC
A,G,A,G,U,U,G
U,U,G,A,A,G,G
GGAGAAG
AGUGGAU
U,C,A,G,G,A,C
GAUGUCC
CUUUAAC
CCUCAUC
U,G,C,U,G,U,A
C,C,C,A,G,U,G
A,U,A,G,G,C,U
AGACUGG
G,G,U,U,U,G,U
C,G,U,U,U,A,U
GCUCUAG
G,U,G,U,C,U,A
CAGGGAG
UGAGGGC
A,C,U,U,G,G,A
CUGAGGC
G,U,U,A,A,A,G
CUUCACC
ACGCGCA
AUGGCUU
CAGACUU
UUCUGCC
GGAUGUG
ACGCUCA
GGACUGC
U,G,A,A,C,U,C
AACUCUA
G,G,G,A,U,U,U
G,A,G,G,C,A,U
CUAGGCU
G,G,G,A,A,G,A
UGCAUGG
U,G,G,A,C,U,A
UAGGGGG
U,U,C,C,C,U,C
C,C,U,U,U,G,C
A,C,A,G,G,A,U
AAAAACU
A,U,A,G,G,G,U
UUUCACC
U,G,U,U,G,U,U
CAAAUGC
A,G,C,U,A,A,C
CAGUUUU
C,A,G,U,U,C,A
UCCCUUU
U,G,C,C,A,G,C
AGUCCCU
C,U,U,G,A,G,G
C,U,C,C,C,A,G
A,G,C,G,G,A,G
AGGGAAC
UCGUGCA
G,G,C,C,U,U,U
AAAGUAA
C,U,G,C,A,G,U
AAUUUUA
A,C,U,A,A,C,C
A,U,U,G,G,U,C
CUGUGGG
UCUAGAG
UGACCUA
UUCUCCC
AAUACGU
C,G,G,C,A,G,C
U,C,C,A,C,A,G
A,U,U,U,G,C,U
G,G,G,U,U,U,C
CCUUCAU
AGCCACA
C,G,C,C,G,C,C
G,G,G,C,C,G,A
U,U,G,G,G,A,C
AACACCA
C,A,U,G,U,A,U
G,A,U,G,U,C,U
CUGGACA
GGGAAAA
UCUCCAA
A,G,G,G,G,G,U
G,C,U,G,G,C,U
AAACUGC
C,C,C,A,U,A,G
G,U,G,A,A,G,A
UGGCCAA
UAGGACU
CAACAGU
C,U,G,U,A,A,G
A,A,G,U,A,A,U
UCCCACA
C,A,A,C,A,C,U
A,C,U,G,A,U,G
G,G,U,C,A,U,U
G,G,A,A,U,U,A
UCCCUGA
A,G,G,U,G,G,U
G,C,U,G,G,U,G
G,G,C,C,G,C,A
C,A,G,C,G,A,G
A,U,C,U,G,U,A
G,A,A,G,A,C,U
A,G,G,G,A,C,U
U,U,A,U,A,G,C
CUGGUAA
AAAACCA
GCCUGCC
G,G,A,U,G,G,U
U,G,A,U,C,A,G
C,C,A,G,G,C,U
AACCCUA
AAAUGGU
GCCUCUU
CGCCCUU
GUCAACA
UCACAUU
CCUAAAU
CGAGGAC
A,A,A,C,C,U,C
GGGAUCG
UGGAGGG
G,G,U,C,A,G,A
C,A,G,G,G,C,G
ACCCCUA
UCAUAUG
G,C,A,G,A,C,U
CACACCU
A,C,A,G,A,G,G
U,C,C,U,U,U,U
CUGGGCA
C,A,U,C,U,G,G
G,A,G,C,A,G,A
CCUGCGC
U,A,U,A,C,A,C
GACAGUA
CCUGCUG
GAUGUAU
C,U,G,G,A,G,A
GCUUCCA
AAGGUCA
GGAGAGA
G,U,A,U,G,C,C
CUUACUC
UGUCCCA
CUGGGGA
AGGUAUU
A,U,G,G,C,G,G
GACUUCU
A,G,A,G,U,G,G
C,U,U,U,C,U,G
C,C,U,G,G,A,G
CCCUUGA
GCUCGGU
U,C,A,G,G,U,G
C,C,A,C,U,G,U
A,A,A,A,G,G,C
GAGCCCU
UGGGCGG
U,C,C,A,C,G,U
UGGGGAG
GACCCUG
AGCAGCA
CUCAAAA
CCCAGGU
G,G,U,G,A,G,A
A,C,A,U,G,A,G
G,G,C,C,C,A,C
U,A,C,U,U,C,U
U,C,U,G,C,U,U
AGGCAGU
GCAGACU
A,G,A,U,G,G,A
U,C,C,U,C,U,C
U,U,G,A,G,U,G
C,U,U,C,U,G,G
ACUCCAA
U,C,A,A,A,A,U
AGCCAGU
UCUGCCA
AUCUGAG
GGGACUU
AAAGUAA
G,C,C,A,G,U,C
C,C,U,G,G,A,G
A,G,G,U,U,U,U
GGUGUGU
GCGGGUC
G,G,U,A,G,G,A
UGGACUU
UGGGACA
G,U,U,U,A,C,A
GAGGGAG
CAGGUGA
G,U,G,U,G,G,A
UGAACUG
G,G,G,C,U,G,A
G,U,U,U,C,A,G
U,U,U,C,C,U,U
G,G,U,U,U,G,U
C,U,U,U,A,A,U
CUGUGCU
CUUGUCG
AUUUCAG
C,U,A,U,A,A,C
G,U,U,G,G,G,G
AACUCAC
G,G,G,U,U,U,C
CUAGAGG
AGGCCUU
G,G,U,C,U,U,U
C,U,A,U,G,G,U
C,U,C,U,C,A,U
GAGGCUC
G,G,C,G,C,C,G
CCCUGGA
AAAACUG
ACUCUGA
UGGGGGA
C,C,A,G,A,U,C
G,G,C,U,U,C,U
UUCCACA
G,G,G,A,C,U,U
A,A,A,G,C,A,U
U,A,C,U,U,U,U
U,C,A,A,A,G,C
U,A,G,G,C,A,U
GCUGGCU
A,G,C,U,G,U,U
C,A,G,G,A,U,U
C,C,A,A,C,U,A
U,C,C,U,U,U,U
UCAUACA
U,G,G,A,U,G,U
CCCAGGG
AGAGGAA
UGGGGUU
CUGGACU
CUGCCCC
G,U,C,U,U,C,C
C,C,A,A,G,U,U
UCCUCCA
G,C,U,A,U,C,A
C,U,U,U,G,C,C
C,A,C,A,U,A,G
U,G,G,G,A,A,G
GCGGGGA
UGACUGA
G,C,G,G,C,C,U
A,A,G,G,U,G,G
G,U,G,A,G,G,C
GGCGCCU
ACACACC
C,U,G,U,G,G,G
GAGGAUA
G,C,A,G,C,U,G
U,A,G,A,G,G,C
A,U,U,U,A,U,U
C,A,A,A,G,U,C
G,U,U,A,U,C,U
AGGGGCA
CUUGGAG
U,C,G,G,A,U,C
C,A,G,C,C,C,A
GAGGGGC
U,G,A,U,G,G,A
A,C,C,C,C,A,C
GAAAGGU
A,G,A,A,G,C,A
G,U,C,U,G,C,U
GGAGGGA
U,G,A,U,U,G,U
GCAGGAC
A,U,U,A,A,C,A
C,C,C,U,G,C,G
GGCUUUU
A,G,U,A,U,U,U
G,U,U,U,U,U,G
UCUAGAG
AACAUAA
U,G,U,G,G,U,G
GGAGAGU
UGAAUUC
GGCGAUG
U,G,C,U,U,U,A
CCUUGCC
GGAGCUA
GGAGUGC
C,C,A,C,U,C,U
A,C,U,G,A,U,U
U,G,U,U,U,G,U
A,C,A,G,A,A,C
C,C,U,G,C,A,G
A,G,C,C,C,C,A
GAGAAAU
UAGUCCG
CAAGUGU
U,G,U,C,C,A,A
C,A,U,G,U,C,U
AAGUGCU
A,G,G,A,U,G,A
U,U,A,G,A,A,C
C,U,U,U,U,G,C
A,G,G,A,G,U,U
U,G,G,C,U,U,G
U,G,C,U,A,A,A
G,U,A,C,C,C,A
A,A,U,U,C,C,C
G,G,G,A,G,U,G
AUGCGCC
G,C,G,G,G,G,C
U,A,U,U,U,A,C
GCACAUG
CCAGUGC
UGGGAGA
G,U,U,C,C,G,C
UUGGUCC
C,C,C,C,C,U,G
U,G,G,U,A,G,A
G,U,U,U,U,U,G
GCCGCUC
A,C,U,U,C,U,U
A,A,G,G,A,G,C
G,C,G,C,G,C,G
AAAGUAA
G,A,G,C,C,A,G
C,U,A,A,A,C,C
AUCCCUU
U,G,C,C,U,G,C
G,G,G,C,A,C,U
UAUGGUU
GUGGGAU
CUGAGAC
U,G,U,U,C,C,U
UCUGGAU
U,G,G,U,G,G,G
G,G,C,U,C,U,G
U,G,C,A,C,U,C
CUGGCCA
U,A,U,G,U,A,U
A,C,U,C,U,A,G
GUCAGUG
G,A,G,G,U,G,G
GGUGAGG
C,U,U,C,U,U,U
C,U,U,U,U,G,U
C,C,C,U,C,U,U
A,G,C,A,C,C,A
G,C,G,C,C,G,G
U,G,A,G,G,A,A
U,C,A,U,U,U,C
GGCGGGG
G,G,A,A,G,G,U
C,C,C,U,A,G,C
U,G,A,C,A,G,G
UAGCAAU
U,G,U,C,C,A,C
G,C,C,C,A,G,A
GUGGGAU
U,U,U,G,G,C,C
GGCUGGG
U,U,C,U,U,A,C
A,U,U,G,U,G,G
AGGAUUA
A,U,G,G,A,G,A
CCAGCAG
C,U,C,A,G,C,U
C,U,U,G,G,C,U
G,C,U,A,U,C,A
GGAUGAG
U,G,U,U,U,G,G
G,G,C,U,U,U,G
UUGUAUG
AAAGUAA
U,U,G,G,G,U,U
A,C,U,U,A,A,A
A,C,A,C,U,C,G
U,G,U,C,U,G,C
ACACACU
C,G,C,G,A,U,U
CUCUUUC
GUGAUAU
A,U,A,C,A,G,U
CUCUGGG
A,G,G,C,U,G,G
G,A,G,A,G,G,A
G,G,U,C,G,U,G
U,C,C,C,C,A,G
GUGACAG
G,G,G,C,C,U,C
G,G,A,G,C,U,A
AAUGUUU
AACCCUG
A,U,U,G,G,U,G
U,G,U,G,U,C,U
G,A,G,A,C,C,U
GGGUAGA
C,U,U,U,C,U,G
U,A,C,G,G,G,G
U,A,A,G,C,A,A
G,C,C,C,A,C,A
AGUCCCA
U,G,U,U,G,G,G
G,U,G,G,U,G,U
UGGGCCC
CUGACUC
AUCCAGC
GCAGGGC
C,A,G,C,C,G,G
AUCUGGC
GCUACAU
C,C,C,U,U,U,C
UGCACCU
AAAAACU
U,A,C,A,G,U,U
ACUCUAG
AGUGCCU
U,C,A,C,A,C,U
GAGGUAG
G,A,G,G,C,A,G
U,G,C,A,A,U,A
G,A,C,C,U,C,C
U,C,C,C,C,A,G
G,A,U,A,U,U,U
G,G,U,G,A,G,A
CAGGCCA
A,G,G,G,G,G,G
GGGACUG
CCGAACU
CCGCCUG
GAAUUGU
GAAAACA
GAUUGUU
U,U,A,U,C,U,G
U,G,A,U,U,G,C
UGCAUGU
AGCCUUC
C,G,U,G,G,G,G
G,A,U,G,U,U,G
UGCGGAC
CAAGUAG
G,C,G,G,G,G,G
C,C,C,C,C,A,G
A,U,U,U,A,G,A
C,U,U,U,U,G,C
AAUGUUG
A,C,C,A,C,G,G
GUAAACA
G,C,A,G,A,G,G
U,U,A,U,U,U,U
ACAAGGU
GCCCCCU
G,G,C,C,U,G,U
U,G,C,A,G,C,U
G,A,G,G,C,A,U
AAAGUAA
G,G,A,A,A,G,U
CCCUGAG
C,U,U,U,U,G,U
U,G,A,G,C,A,G
U,G,U,U,A,C,U
ACUGGCC
GGGCGUG
G,A,G,C,A,U,G
U,U,U,G,U,G,C
UACCUUC
AGCAGCG
C,C,A,C,U,G,A
U,C,U,G,U,A,G
CUGCAGG
U,U,G,G,C,U,U
U,C,U,C,C,A,G
A,A,U,G,C,A,A
U,G,G,G,C,A,A
UGAGUGG
G,A,U,C,U,U,U
G,U,C,G,G,C,U
AUACAAG
AGGGUAG
G,U,A,A,G,U,G
U,A,G,C,C,G,U
A,A,G,G,G,C,U
AACCUGG
C,A,G,G,U,U,G
C,G,C,C,A,G,C
G,U,C,A,U,C,U
U,G,G,C,U,A,G
UGAGGGG
CAGACAG
AGUGCAA
C,C,A,U,U,C,U
G,A,C,G,C,U,G
AAAGUAA
GCCUGGA
AAAGCGC
A,U,G,G,G,A,A
U,G,U,C,C,A,G
C,A,C,U,A,C,U
U,A,U,G,U,U,U
C,A,C,U,G,G,A
GGGAACG
C,C,C,G,C,A,G
CUAUACA
G,C,U,G,U,G,C
AGGCAGA
GUCCUCU
A,G,A,G,G,G,U
GAAGUGG
GUGUUAG
G,C,C,A,U,U,U
G,U,G,U,A,U,G
C,U,U,U,U,G,C
A,U,U,G,G,A,U
U,A,C,C,A,U,U
CUGAGUU
GAAGAUU
CAGUAUU
ACAGCAA
CCCUAUC
C,A,A,C,U,C,U
GUAGUGU
U,A,U,U,C,G,C
CUUGUGU
AGAGAGG
C,G,U,C,C,C,C
G,G,A,G,G,U,C
AAAGUAA
UUUCAAC
GUGUUCA
U,G,C,U,A,A,A
CUGCCAU
C,A,A,A,C,A,G
CCCCUUC
U,U,G,C,A,C,G
AUUACAG
AUGUAGA
C,C,C,C,C,A,G
UCACUGG
UAGUGGU
U,U,G,G,U,G,U
U,C,U,G,C,U,A
UAGAACG
AAAAACC
UUCUUGU
GUGUACA
G,G,U,G,C,U,A
U,U,U,U,G,C,C
A,C,A,C,A,A,G
G,U,G,G,G,G,G
U,C,U,U,U,C,C
AAAGCGC
CUCUGAA
AUGUGUA
G,U,C,C,C,C,A
G,C,U,C,C,U,U
CUCAAAA
GGGGGAG
C,U,U,U,A,U,U
G,A,G,U,G,A,A
CCUGCGU
AAAGUAA
G,A,C,U,C,A,U
C,C,C,G,U,U,C
U,A,G,A,A,A,U
G,C,C,U,U,G,G
U,G,U,C,U,G,G
UAUAAUA
C,A,G,G,C,A,U
GCCCGCC
U,U,U,U,C,C,C
UGAAGCU
G,U,A,G,C,U,C
G,U,G,U,U,U,G
AGGGCUC
UGUACAG
AAAGUGG
CCUUUGC
GGAGUCU
CCUUCUG
GACACUA
ACUCACU
GCAAGGC
GAGUGUU
C,U,U,U,C,U,G
U,G,C,G,C,G,G
C,U,G,A,G,U,U
G,A,C,U,G,C,A
UUUUCAU
GGUUUGU
UCCGCCA
C,U,A,C,U,G,G
C,U,U,G,G,C,C
U,C,C,C,A,G,A
A,C,U,U,U,U,G
GCAGCAU
AUUCUGU
GGGGAAG
C,G,A,G,U,U,U
C,U,C,U,G,A,U
GUUUCGG
A,U,G,A,G,A,U
C,A,G,G,U,A,G
C,G,C,U,A,U,G
CACCAGC
UCCCCAG
CCAGGCA
G,G,U,G,G,C,U
U,C,A,G,A,A,A
A,U,G,U,G,G,A
G,C,U,A,U,G,A
CGGAAGG
UGGGGUG
AACAAAC
UUGCCAU
CUCUAGC
U,A,A,U,G,C,G
A,G,A,A,G,G,C
CAAUUAC
C,G,U,C,C,C,G
AAAGUAA
U,U,U,A,A,U,C
G,A,U,U,G,C,A
U,U,U,C,U,G,C
G,U,G,A,U,U,C
GACUGCC
UCGCGGG
A,G,G,C,C,A,U
G,G,G,G,C,G,G
U,G,A,A,G,G,U
GUAACAG
G,G,C,C,C,A,G
AUAUAUA
GCUUUGC
UGUGUGG
C,U,U,A,G,U,C
C,A,A,G,U,U,C
U,U,U,G,G,A,A
U,U,G,C,C,A,C
GAUCCGA
AAAGUGC
G,C,C,U,G,U,G
A,C,C,A,U,G,U
A,U,U,U,U,G,A
C,A,A,C,A,U,A
CGUCGCC
AAAGCUG
AUAUUCA
G,G,C,U,G,G,G
AAGCUGG
GAGCCUC
GGGCGUA
GGGAAAG
G,A,U,U,A,C,C
A,U,G,G,G,A,G
AAGGGAC
G,A,C,U,G,A,G
U,U,G,A,U,C,C
CAGUAGU
AGCAGCA
G,U,A,A,U,A,A
AACCUCG
ACAUUCA
UGUUAAU
GAAGGGG
U,U,A,U,C,A,U
UUCUAAU
AAUGGCA
GAAGGCC
U,U,U,U,G,C,U
AAGACUC
UAUAUAU
CCAGGGC
A,U,U,U,U,G,U
GCUGAGC
ACAUUAC
GGUCUGU
UAAGACG
CUCCCUC
AAGGAGG
U,C,C,G,C,A,G
C,C,C,A,C,U,U
A,U,G,U,G,A,C
AGAGUCU
GUCUACA
U,C,A,G,A,A,G
CUGGGCU
G,G,C,G,G,C,G
U,G,U,G,A,G,C
G,G,G,C,A,U,A
A,G,A,G,G,G,G
UACAAAG
UCUCCCA
GUGUCUU
U,U,U,G,G,C,C
C,U,C,C,C,A,G
UGGGUUG
GGUAGAG
UGACCUA
GCAGGGC
AGCAGUG
G,G,G,G,G,C,U
UAUACAG
UGGCAUC
A,C,A,G,G,C,A
A,C,C,A,A,A,U
G,A,A,U,G,C,C
G,C,U,U,C,C,U
U,C,C,U,A,G,A
C,A,G,A,A,G,U
U,U,A,C,A,G,A
GGGAAAG
GAGUCGG
UUCCAUA
AUAGCCC
AGGACUG
A,G,A,G,G,A,U
CCGAAGA
GAGGGAG
G,G,G,A,C,C,C
G,C,A,G,C,C,C
AAGACCC
G,C,U,U,C,G,C
UGGGAGG
CACCUGA
C,A,C,U,U,U,C
GAGGGAC
C,A,U,U,U,A,U
GGAGGUG
U,C,U,G,G,G,C
U,U,C,G,G,U,A
C,U,A,C,C,G,G
AACAUUC
C,C,A,U,C,U,C
U,A,C,U,G,A,A
G,C,U,G,G,A,C
G,C,C,U,G,U,U
GACACAU
U,U,C,C,U,G,A
G,U,G,C,A,U,G
U,G,G,G,C,G,U
AGCAGCA
C,U,U,C,G,G,C
UGGGGUU
AGCUUGG
U,U,G,A,G,G,G
AGAGGAA
A,G,A,U,G,G,G
CCUGUCC
AGCAAUA
AAGGCCA
CCCUGGG
UAAGAAG
U,U,U,G,G,C,U
A,U,G,G,U,U,U
UGCAUUG
A,U,A,U,U,G,A
U,C,C,U,G,C,U
UGGGAGG
GGGGCCG
G,G,C,U,G,A,A
AGGAAGG
U,C,C,U,C,A,G
A,A,G,A,U,G,G
AGUGAUC
C,A,U,G,U,C,U
UUUGCAA
GGGACUG
CUGCAGU
C,G,G,A,U,C,G
C,A,G,G,U,G,G
C,A,U,A,G,C,U
UCUAGAG
C,G,G,C,C,A,C
A,G,C,A,G,G,G
C,U,G,U,C,U,C
CUGGCUG
G,C,A,U,C,A,C
AGGAUCC
C,C,U,U,C,C,C
G,C,U,U,U,C,C
UCGGUAU
A,G,U,U,U,U,U
C,C,U,C,A,G,A
G,G,A,U,U,G,A
CUGCACU
G,A,G,C,U,C,U
UGGGCUG
AACUGGU
C,A,G,U,C,G,A
GCCUAGG
CCUUCCC
CUUGGGC
C,C,U,C,A,G,C
CUAAAGA
C,A,U,G,C,C,A
C,U,G,U,G,C,U
GUGCCUG
G,U,G,A,G,G,A
C,U,A,A,G,U,G
C,C,C,A,C,A,G
G,G,A,G,G,G,A
C,G,C,C,G,C,G
UUUGUGC
UCUGACC
ACACUAG
CAGGCUC
GCAUGAC
A,G,G,C,G,G,A
A,A,A,C,C,G,U
UCACCAC
GAGGCGC
UCAAGGA
AGGAGGC
ACUGAAC
G,C,A,G,A,G,C
G,G,A,A,U,G,U
CCUGGCA
C,U,C,C,U,U,C
U,G,G,G,C,G,G
A,C,U,G,A,A,A
A,C,U,C,U,G,U
AUCCCUU
AGGAACC
GAGUGGG
C,U,C,U,G,A,G
GGGUCUU
C,U,U,C,U,A,C
C,A,C,U,A,C,U
GCUUAAG
U,U,U,U,G,C,A
GGGGGCG
C,U,C,A,G,A,G
G,G,A,U,G,U,C
ACGGCAA
C,U,C,U,U,A,U
G,G,A,G,A,C,U
CUAGUCC
UAUCAGA
CCAGUGU
ACAGAUG
U,A,C,A,C,A,C
G,G,A,G,C,C,U
AGCAGGG
C,A,C,U,A,C,U
UCCGUUU
U,G,A,G,G,G,G
G,C,A,G,U,C,U
UCACUGA
G,A,U,U,G,G,A
U,U,G,C,U,G,C
G,G,U,G,G,G,U
C,A,G,A,U,G,G
CAUUGCC
UGACAUC
GGUGGAU
G,A,A,C,A,U,G
GAGGUAG
UGUACAU
UCUAGAG
UGCCACC
A,U,U,U,G,U,C
UCCCUUG
U,U,A,A,U,G,U
C,C,U,U,G,G,U
UGAAGGC
GAGCUAA
C,U,C,C,C,A,G
GAGGGAG
A,G,G,U,G,G,C
A,C,U,G,C,A,U
C,U,U,C,A,G,A
GACUGAC
G,C,G,G,U,G,G
U,A,C,G,A,G,A
G,C,U,U,U,C,U
AGGGGGU
G,C,C,G,A,G,A
A,A,G,U,U,A,G
U,U,U,C,C,A,G
C,C,A,U,U,A,U
AACGCGC
AGGGCAG
C,U,C,C,U,U,U
AUGGCUU
GCGCCUC
A,G,G,C,G,C,C
A,C,C,A,U,G,G
UUGACAC
UUGUUCG
U,U,G,G,A,G,C
AGGGAGG
C,A,U,G,U,G,C
CCUCAUC
GGAGAGA
G,G,G,G,C,U,G
GCCAGCC
AGUUAUC
G,C,U,C,U,C,C
G,G,A,A,G,G,U
UAGUGGG
U,A,U,G,U,U,C
CUGCAGA
U,C,C,C,U,A,G
CAGGCAG
GAGGUAG
CCCUGCC
GGCAUGG
G,G,C,U,U,G,C
CAGUGCA
AAGGAGG
CCCGCCA
A,G,U,U,U,C,C
C,A,G,C,C,A,C
A,G,G,G,C,A,U
U,G,U,A,C,C,A
G,C,U,C,A,G,C
C,C,A,G,U,U,C
C,U,C,U,C,A,G
AAUGUCA
AAAUCCC
CAGGCAG
U,C,C,C,U,A,G
A,G,A,G,G,U,U
A,U,C,C,A,U,A
CUCGGCU
GAAGUAC
A,C,U,C,A,C,C
AUGCUGA
G,G,G,C,U,G,U
UGGGAGG
C,U,A,C,C,U,U
GCCGCCC
A,C,C,A,G,U,G
C,G,G,A,U,U,U
U,U,U,U,G,C,C
GUUCAUG
GUGGGGA
GUAUGUU
AGGUAGA
GAGAGUG
CCGUGGC
CCUGAAU
UUCAAAU
GGAGGGA
G,U,G,U,U,U,U
AAUCAGC
AAGUGCU
CCCUGAG
U,A,U,G,G,U,U
C,U,U,A,A,C,A
GCGGGGA
AAUGCCC
U,G,G,C,C,G,G
G,A,G,G,G,C,A
A,G,G,C,U,A,G
U,G,A,U,G,C,C
U,G,A,U,U,G,A
A,G,U,G,C,A,G
A,C,C,G,G,A,G
C,C,U,G,A,C,C
CUCAGUC
C,A,G,A,A,C,A
C,A,U,C,U,C,C
G,C,A,G,U,C,A
UGGAGAU
G,C,C,C,C,A,G
G,C,U,G,U,G,U
C,U,G,U,C,A,C
G,G,A,G,G,A,G
GAGAACU
C,U,G,U,A,U,G
C,A,A,A,A,U,U
A,U,U,A,U,A,U
UCUCUUU
G,A,A,G,A,G,U
GUUCUUC
GGAGGUG
ACCAGCA
UUGACAC
G,A,A,U,U,G,G
GGGCCUG
AAAACUU
AAAGUAA
G,G,C,C,C,C,U
CUGGACU
A,C,A,G,U,G,G
GAGAUUG
UUGGUUC
C,C,U,G,U,G,G
C,C,U,C,U,U,U
A,C,A,A,G,U,A
UGUAAUA
G,U,G,A,C,G,U
CUGGACU
GAGGCUA
GAAGCCA
UUUAACC
U,U,U,U,G,C,C
C,U,U,U,C,U,G
UCCUAUG
U,U,G,C,C,C,U
UGGAGUC
C,C,C,A,C,C,U
G,G,A,A,C,A,G
UUUCAGU
G,A,G,C,G,U,U
AUGUAAC
U,C,C,A,G,G,A
G,A,U,C,A,U,A
C,C,U,C,U,G,C
AAGUGCU
A,G,A,G,C,C,C
GUGGACA
CUGGCUG
G,G,U,U,U,A,A
CCAGGCA
A,G,C,U,G,G,C
GCAAAAU
UCUGAUC
G,G,C,U,U,A,G
U,G,G,U,U,G,U
GAGUCAG
U,U,G,U,G,C,A
GUCUUGC
GGGUGGG
GAGAUGG
G,G,C,A,C,C,G
G,U,U,C,A,U,A
CUGGAUU
UACACAU
AUGUGGA
UGGGAGG
CGGAUCC
GGGCAUG
C,A,A,U,C,C,A
UGCAGCU
G,G,G,A,G,A,A
GAAUCAU
G,G,U,G,A,G,U
G,A,C,U,A,C,A
GAGGGCU
AAUACUG
CUGACAG
AGCAAUG
C,G,U,C,U,G,C
U,C,U,C,U,G,C
C,C,C,G,C,G,C
C,C,A,A,G,C,A
C,U,G,G,A,U,U
A,C,C,C,U,A,A
C,C,U,G,A,C,C
U,G,A,U,G,G,C
CUGCUGG
U,C,U,G,G,U,C
CUCAGGG
G,G,G,A,G,A,G
AAAAACU
U,C,U,C,U,U,G
GCGCGGG
AGACGGG
U,C,U,U,U,C,G
AAAGAGC
G,A,C,C,A,A,A
CAAAAUG
G,A,G,C,C,U,C
U,U,G,C,U,G,C
UGGAUAA
CCGGACA
AGCCCUU
UUCCCUU
AAAACCG
C,C,U,G,U,G,G
A,A,G,C,U,U,U
U,G,A,G,U,G,U
U,C,A,G,G,G,A
ACACAAG
UAGGCCG
A,C,U,G,U,A,U
A,A,A,C,U,G,A
AAAAGUG
AAAGUAA
GGGGACG
U,A,G,A,G,G,U
UUCCUCA
G,C,U,G,C,U,A
AGGCAGU
C,G,G,C,G,G,G
U,C,U,G,G,A,G
UAGUGCU
CAAAAAA
G,A,U,U,U,C,C
UGGGAUC
C,A,U,C,U,U,U
U,C,A,C,C,U,U
AGAGGAA
G,U,G,C,A,G,U
AGGGCAG
U,C,C,C,G,C,U
U,A,G,A,G,G,G
U,G,C,C,A,G,G
AUGCCUU
C,A,G,C,U,G,C
G,C,G,G,C,U,C
U,U,C,U,C,C,U
AAGCUUG
AGUGCAA
U,G,U,G,U,A,U
UAGGCCA
U,G,A,C,U,U,C
U,C,U,C,U,G,U
UCAUUCG
U,U,C,C,C,A,G
G,U,A,G,A,U,U
GUAAACA
CAUCCUC
AGGCACA
AUUGCAC
C,C,A,C,C,A,U
GUUCUCU
G,U,G,C,C,A,G
ACUUAGC
UGCUCUG
A,A,C,A,C,A,G
GCGGUGC
G,A,G,G,A,G,U
UGAGCGA
GGUUGAC
GGCCUCU
ACAGUAC
GAGGGAG
AGGGAUG
A,A,C,C,C,C,U
UCUAAAU
CGGAGAC
C,C,G,G,G,U,U
U,A,G,U,C,C,A
G,U,A,A,U,G,U
GGUCUGU
G,G,G,C,U,C,A
C,A,U,C,U,A,U
CACAGUG
GGGGGAG
U,C,C,C,A,G,U
C,G,U,C,C,U,U
G,U,A,C,G,C,G
A,G,G,A,C,A,G
UUCCUCG
ACACACC
ACCCAGU
U,G,C,A,G,A,U
A,A,C,U,U,G,G
GCCAAGU
GAUUCCU
AGGAGUG
UGCAUAG
AGUGUGC
G,U,U,C,C,C,G
C,A,C,U,A,C,A
C,U,C,U,A,G,G
U,U,A,C,A,G,C
AGGGGCU
UCAUAGA
A,U,G,U,C,U,U
C,G,C,A,G,G,U
U,C,A,A,A,G,C
G,A,U,G,C,U,G
ACCCAGA
C,C,U,C,C,A,G
AGUACCA
UGUCCAU
UUUGCAC
C,A,C,G,G,C,C
CAUGUGA
GUGUCAC
G,G,G,A,A,C,U
GGAGACG
A,U,G,U,G,C,U
GGGAAGG
GAGGACA
GGUUUAC
G,U,U,C,G,C,A
U,U,G,G,U,G,A
C,A,G,G,G,C,A
CUCUAGA
UGGAGGC
A,C,A,G,G,G,G
UAUUAAG
AGCAGUC
A,A,G,G,G,G,A
G,U,C,G,G,G,C
G,A,U,U,C,U,A
A,C,C,U,C,U,U
UUCAAGC
C,U,G,A,G,U,G
U,A,U,G,U,G,A
G,A,G,C,A,C,A
AUCUUAC
U,G,C,C,U,G,U
U,U,U,C,U,U,U
GCAGGUU
U,U,U,U,G,C,C
G,A,U,C,A,U,C
G,U,G,G,A,G,A
C,C,C,C,U,G,U
UGCUACU
CCAAUAC
C,U,U,A,U,G,A
C,A,U,G,U,G,U
CGGUGAU
G,A,G,G,A,G,A
CGGGCCU
GGCAGUG
UGCAUAU
C,A,G,A,C,A,G
C,A,C,A,C,A,U
U,U,G,G,C,U,C
UGGACUG
U,C,C,G,G,C,G
UUCCAGA
GGGCUUA
G,G,U,G,A,A,C
U,U,G,G,A,G,C
GUCCAGA
U,U,A,A,U,G,C
GGAAAAA
CCCUGAA
GGUGGUC
GAGGUGG
AGUAGUU
G,C,U,G,U,G,C
CCCCGGG
UCGCUGC
CGGCUCU
G,U,C,A,G,A,C
AUCAUGG
UCUAGAG
A,U,A,U,A,U,C
C,U,C,U,C,A,U
GGCGCAC
G,U,C,A,C,A,G
CUGGCCU
G,A,G,U,G,G,A
C,C,U,A,C,A,G
UCAACAG
U,G,G,A,G,G,A
UACAGGC
A,A,A,C,U,G,A
U,U,G,U,U,U,C
